{
    "metadata": {
        "country": "DE",
        "currency": "EUR",
        "locale": "de_DE"
    },
    "originDestinations": [
        {
            "arrival": {
                "airportCode": "PAR"
            },
            "departure": {
                "airportCode": "LON",
                "date": "2022-01-07"
            }
        }
    ],
    "preferences": {
        "cabin": [
            "7"
        ],
        "fareList": [
            {
                "Code": "70J",
                "Definition": ""
            },
            {
                "Code": "759",
                "Definition": ""
            },
            {
                "Code": "754",
                "Definition": ""
            },
            {
                "Code": "758",
                "Definition": "TOD"
            },
            {
                "Code": "758",
                "Definition": "TOSD"
            },
            {
                "Code": "758",
                "Definition": "CB"
            },
            {
                "Code": "758",
                "Definition": "PFA"
            },
            {
                "Code": "758",
                "Definition": "IT"
            },
            {
                "Code": "758",
                "Definition": "M"
            },
            {
                "Code": "758",
                "Definition": "H"
            },
            {
                "Code": "758",
                "Definition": "SO"
            },
            {
                "Code": "758",
                "Definition": "VFR"
            },
            {
                "Code": "749",
                "Definition": ""
            }
        ],
        "nonStop": false
    },
    "travelers": {
        "ADT": 1,
        "CHD": 0,
        "INF": 0,
        "V14": 0,
        "VFR": 0,
        "VNF": 0,
        "VNN": 0,
        "YAD": 0
    }
}