{
	"agency": "airgateway",
	"agencyData": {
		"countryCode": "",
		"iataCode": "00002004"
	},
	"allowedRequests": {
		"pending": {
			"OrderCancel": true,
			"OrderReprice": true,
			"OrderSplit": false,
			"SeatAvailability": true,
			"ServiceList": true,
			"TicketIssue": true
		},
		"started": {
			"OrderCancel": true,
			"OrderReshop": true,
			"OrderReshopRefund": true
		},
		"ticketed": {
			"OrderCancel": false,
			"OrderReshop": true,
			"OrderReshopRefund": true,
			"OrderReshopRouteChange": false,
			"OrderSplit": false,
			"OrderVoid": true,
			"SeatAvailability": true,
			"ServiceList": true
		}
	},
	"approvalStatus": "",
	"bookingReference": {
		"airlineID": "LXA",
		"id": "L9FI9S",
		"otherID": "F1"
	},
	"disclosures": [
		{
			"descriptions": [
				{
					"category": "MILES",
					"item": "MILES",
					"metadataToken": "",
					"originDestinationReference": "F1",
					"text": "Miles Accrual",
					"units": ""
				},
				{
					"category": "BAGGAGE_CARRYON",
					"item": "BAGGAGE_CARRYON",
					"metadataToken": "",
					"originDestinationReference": "F1",
					"properties": [
						{
							"UOM": "KG",
							"type": "Weight",
							"value": "8"
						},
						{
							"UOM": "LB",
							"type": "Weight",
							"value": "18"
						}
					],
					"text": "1 carry-on bag  up to 8kg/18lbs",
					"units": "1"
				},
				{
					"category": "MEALS",
					"item": "DRINKS_SNACKS",
					"metadataToken": "",
					"originDestinationReference": "F1",
					"text": "Snacks \u0026amp; Drinks for a charge",
					"units": ""
				}
			],
			"listKey": "Light"
		}
	],
	"externalOrderID": "LX7245F2C3183",
	"flights": [
		{
			"arrival": {
				"airportCode": "CDG",
				"airportName": "Paris Charles de Gaulle Apt, FR",
				"date": "2022-01-07",
				"terminalName": "2B",
				"time": "19:15"
			},
			"baggageAllowance": {
				"carryOn": [
					{
						"chooseType": "one",
						"options": [
							{
								"properties": [
									{
										"UOM": "KG",
										"type": "Weight",
										"value": "8"
									},
									{
										"UOM": "LB",
										"type": "Weight",
										"value": "18"
									},
									{
										"UOM": "IN",
										"type": "Length",
										"value": "46"
									},
									{
										"UOM": "CM",
										"type": "Length",
										"value": "118"
									}
								],
								"quantity": 1,
								"text": "1 CARRYON HAND BAGGAGE ALLOWANCE"
							}
						],
						"passengerRefs": "T1"
					},
					{
						"chooseType": "one",
						"options": [
							{
								"properties": [
									{
										"UOM": "KG",
										"type": "Weight",
										"value": "8"
									},
									{
										"UOM": "LB",
										"type": "Weight",
										"value": "18"
									},
									{
										"UOM": "IN",
										"type": "Length",
										"value": "46"
									},
									{
										"UOM": "CM",
										"type": "Length",
										"value": "118"
									}
								],
								"quantity": 1,
								"text": "1 CARRYON HAND BAGGAGE ALLOWANCE"
							}
						],
						"passengerRefs": "T1"
					}
				],
				"checked": [
					{
						"chooseType": "one",
						"options": [
							{
								"quantity": 0,
								"text": "CHECKED ALLOWANCE not included"
							}
						],
						"passengerRefs": "T1"
					}
				]
			},
			"departure": {
				"airportCode": "LCY",
				"airportName": "London City Apt, GB",
				"date": "2022-01-07",
				"terminalName": "",
				"time": "13:30"
			},
			"duration": "PT04H45M",
			"key": "F1",
			"segments": [
				{
					"ODRef": "",
					"detail": {
						"classOfService": {
							"cabinDesignator": "ECONOMY",
							"code": "K",
							"disclosureRefs": [
								""
							],
							"fare": {
								"basisCode": "K03LGTEH",
								"cabin": "5",
								"code": "70J",
								"marketingName": "Light",
								"priceClassName": "COACH",
								"standardName": "Light",
								"type": "Published"
							},
							"fareRules": [
								{
									"cancel": "Not Allowed",
									"change": "For Fee",
									"passengerRef": "T1",
									"passengerType": "ADT",
									"penalties": [
										{
											"amounts": [
												{
													"amount": 35,
													"currency": "EUR",
													"providerAmount": 35,
													"providerCurrency": "EUR",
													"remark": "MAX"
												},
												{
													"amount": 35,
													"currency": "EUR",
													"providerAmount": 35,
													"providerCurrency": "EUR",
													"remark": "MIN"
												}
											],
											"description": "Change allowed with penalty by application 2 -\u003e 35.00 EUR as MAX amount to pay and 35.00 EUR as MIN amount to pay",
											"type": "CHANGE"
										},
										{
											"amounts": [
												{
													"amount": 35,
													"currency": "EUR",
													"providerAmount": 35,
													"providerCurrency": "EUR",
													"remark": "MAX"
												},
												{
													"amount": 35,
													"currency": "EUR",
													"providerAmount": 35,
													"providerCurrency": "EUR",
													"remark": "MIN"
												}
											],
											"description": "Change allowed with penalty by application 3 -\u003e 35.00 EUR as MAX amount to pay and 35.00 EUR as MIN amount to pay",
											"type": "CHANGE"
										},
										{
											"description": "Change Allowed",
											"type": "CHANGE"
										},
										{
											"description": "Cancel Not Allowed",
											"type": "CANCEL"
										},
										{
											"description": "FARE RESTRICTION MAY APPLY",
											"type": "TICKETING"
										}
									]
								},
								{
									"cancel": "Not Allowed",
									"change": "For Fee",
									"passengerRef": "T1",
									"passengerType": "ADT",
									"penalties": [
										{
											"description": "Cancel Not Allowed",
											"type": "CANCEL"
										},
										{
											"description": "Change Allowed",
											"type": "CHANGE"
										},
										{
											"amounts": [
												{
													"amount": 35,
													"currency": "EUR",
													"providerAmount": 35,
													"providerCurrency": "EUR",
													"remark": "MAX"
												},
												{
													"amount": 35,
													"currency": "EUR",
													"providerAmount": 35,
													"providerCurrency": "EUR",
													"remark": "MIN"
												}
											],
											"description": "Change allowed with penalty by application 2 -\u003e 35.00 EUR as MAX amount to pay and 35.00 EUR as MIN amount to pay",
											"type": "CHANGE"
										},
										{
											"amounts": [
												{
													"amount": 35,
													"currency": "EUR",
													"providerAmount": 35,
													"providerCurrency": "EUR",
													"remark": "MAX"
												},
												{
													"amount": 35,
													"currency": "EUR",
													"providerAmount": 35,
													"providerCurrency": "EUR",
													"remark": "MIN"
												}
											],
											"description": "Change allowed with penalty by application 3 -\u003e 35.00 EUR as MAX amount to pay and 35.00 EUR as MIN amount to pay",
											"type": "CHANGE"
										},
										{
											"description": "FARE RESTRICTION MAY APPLY",
											"type": "TICKETING"
										},
										{
											"description": "Ticketing at least 20 days before departure; Ticketing within 24 hours after reservations are made",
											"type": "OTHER"
										}
									]
								}
							],
							"generalClassCode": "",
							"refs": ""
						},
						"duration": "PT1H35M",
						"seatsLeft": "",
						"segmentType": "HK",
						"stopQuantity": "0"
					},
					"equipment": {
						"aircraftCode": "221",
						"name": "Airbus A220-100 Passenger"
					},
					"flightNumber": "LX0457",
					"marketingCarrier": {
						"airlineID": "LX",
						"flightNumber": "0457",
						"name": "Swiss"
					},
					"operatingCarrier": {
						"airlineID": "LX",
						"flightNumber": "0457",
						"name": "Swiss"
					},
					"originDestination": {
						"arrival": {
							"airportCode": "ZRH",
							"airportName": "Zurich Airport, CH",
							"countryID": "",
							"date": "2022-01-07",
							"parentLocation": "",
							"terminalName": "",
							"time": "16:05"
						},
						"departure": {
							"airportCode": "LCY",
							"airportName": "London City Apt, GB",
							"countryID": "",
							"date": "2022-01-07",
							"parentLocation": "",
							"terminalName": "",
							"time": "13:30"
						}
					},
					"segmentID": "S2"
				},
				{
					"ODRef": "",
					"detail": {
						"classOfService": {
							"cabinDesignator": "ECONOMY",
							"code": "K",
							"disclosureRefs": [
								""
							],
							"fare": {
								"basisCode": "K03LGTEH",
								"cabin": "5",
								"code": "70J",
								"marketingName": "Light",
								"priceClassName": "COACH",
								"standardName": "Light",
								"type": "Published"
							},
							"fareRules": [
								{
									"cancel": "Not Allowed",
									"change": "For Fee",
									"passengerRef": "T1",
									"passengerType": "ADT",
									"penalties": [
										{
											"amounts": [
												{
													"amount": 35,
													"currency": "EUR",
													"providerAmount": 35,
													"providerCurrency": "EUR",
													"remark": "MAX"
												},
												{
													"amount": 35,
													"currency": "EUR",
													"providerAmount": 35,
													"providerCurrency": "EUR",
													"remark": "MIN"
												}
											],
											"description": "Change allowed with penalty by application 2 -\u003e 35.00 EUR as MAX amount to pay and 35.00 EUR as MIN amount to pay",
											"type": "CHANGE"
										},
										{
											"amounts": [
												{
													"amount": 35,
													"currency": "EUR",
													"providerAmount": 35,
													"providerCurrency": "EUR",
													"remark": "MAX"
												},
												{
													"amount": 35,
													"currency": "EUR",
													"providerAmount": 35,
													"providerCurrency": "EUR",
													"remark": "MIN"
												}
											],
											"description": "Change allowed with penalty by application 3 -\u003e 35.00 EUR as MAX amount to pay and 35.00 EUR as MIN amount to pay",
											"type": "CHANGE"
										},
										{
											"description": "Change Allowed",
											"type": "CHANGE"
										},
										{
											"description": "Cancel Not Allowed",
											"type": "CANCEL"
										},
										{
											"description": "FARE RESTRICTION MAY APPLY",
											"type": "TICKETING"
										}
									]
								},
								{
									"cancel": "Not Allowed",
									"change": "For Fee",
									"passengerRef": "T1",
									"passengerType": "ADT",
									"penalties": [
										{
											"description": "Cancel Not Allowed",
											"type": "CANCEL"
										},
										{
											"description": "Change Allowed",
											"type": "CHANGE"
										},
										{
											"amounts": [
												{
													"amount": 35,
													"currency": "EUR",
													"providerAmount": 35,
													"providerCurrency": "EUR",
													"remark": "MAX"
												},
												{
													"amount": 35,
													"currency": "EUR",
													"providerAmount": 35,
													"providerCurrency": "EUR",
													"remark": "MIN"
												}
											],
											"description": "Change allowed with penalty by application 2 -\u003e 35.00 EUR as MAX amount to pay and 35.00 EUR as MIN amount to pay",
											"type": "CHANGE"
										},
										{
											"amounts": [
												{
													"amount": 35,
													"currency": "EUR",
													"providerAmount": 35,
													"providerCurrency": "EUR",
													"remark": "MAX"
												},
												{
													"amount": 35,
													"currency": "EUR",
													"providerAmount": 35,
													"providerCurrency": "EUR",
													"remark": "MIN"
												}
											],
											"description": "Change allowed with penalty by application 3 -\u003e 35.00 EUR as MAX amount to pay and 35.00 EUR as MIN amount to pay",
											"type": "CHANGE"
										},
										{
											"description": "FARE RESTRICTION MAY APPLY",
											"type": "TICKETING"
										},
										{
											"description": "Ticketing at least 20 days before departure; Ticketing within 24 hours after reservations are made",
											"type": "OTHER"
										}
									]
								}
							],
							"generalClassCode": "",
							"refs": ""
						},
						"duration": "PT1H20M",
						"seatsLeft": "",
						"segmentType": "HK",
						"stopQuantity": "0"
					},
					"equipment": {
						"aircraftCode": "320",
						"name": "Airbus A320"
					},
					"flightNumber": "LX0644",
					"marketingCarrier": {
						"airlineID": "LX",
						"flightNumber": "0644",
						"name": "Swiss"
					},
					"operatingCarrier": {
						"airlineID": "LX",
						"flightNumber": "0644",
						"name": "Swiss"
					},
					"originDestination": {
						"arrival": {
							"airportCode": "CDG",
							"airportName": "Paris Charles de Gaulle Apt, FR",
							"countryID": "",
							"date": "2022-01-07",
							"parentLocation": "",
							"terminalName": "2B",
							"time": "19:15"
						},
						"departure": {
							"airportCode": "ZRH",
							"airportName": "Zurich Airport, CH",
							"countryID": "",
							"date": "2022-01-07",
							"parentLocation": "",
							"terminalName": "",
							"time": "17:55"
						}
					},
					"segmentID": "S3"
				}
			]
		}
	],
	"formOfPayment": "Card",
	"id": "BP-1EJ9EIHBL2",
	"metas": {
		"test": "test2"
	},
	"orderID": "LX7245F2C3183",
	"passengers": [
		{
			"data": {
				"address": {
					"cityName": "Saint-Petersburg",
					"countryCode": "RU",
					"postalCode": "197373",
					"street": "Test"
				},
				"birthdate": "2001-11-18",
				"email": "smith@airgateway.net",
				"gender": "Female",
				"name": "JORDYN",
				"phone": "34666123123",
				"surname": "HESCH",
				"title": "MRS"
			},
			"document": {
				"documentID": "115233245A",
				"documentType": "PP",
				"expirationDate": "2025-07-03"
			},
			"infantReference": "",
			"passengerType": "ADT",
			"travelerReference": "T1"
		}
	],
	"paymentTimeLimit": "2021-12-04 13:25",
	"pnr": "L9FI9S",
	"price": {
		"consumer": {
			"base": 50,
			"breakdown": [
				{
					"base": 50,
					"offerItemID": "",
					"passengerRefs": "T1",
					"passengerType": "ADT",
					"surcharge": 0,
					"tax": {
						"breakdown": [
							{
								"code": "YQ",
								"currency": "EUR",
								"description": "YQI LX CARRIER IMPOSED MISC FEE",
								"total": 5
							},
							{
								"code": "YQ",
								"currency": "EUR",
								"description": "YQI LX CARRIER IMPOSED MISC FEE",
								"total": 5
							},
							{
								"code": "CH",
								"currency": "EUR",
								"description": "AIRPORT PASSENGER SECURITY AND NOISE CHARGE",
								"total": 15.36
							},
							{
								"code": "GB",
								"currency": "EUR",
								"description": "AIR PASSENGER DUTY APD",
								"total": 15.28
							},
							{
								"code": "UB",
								"currency": "EUR",
								"description": "PASSENGER SERVICE CHARGE DEPARTURES",
								"total": 44.33
							}
						],
						"total": 84.97
					}
				}
			],
			"currency": "EUR",
			"tax": {
				"breakdown": [
					{
						"code": "YQ",
						"currency": "EUR",
						"description": "YQI LX CARRIER IMPOSED MISC FEE",
						"total": 5
					},
					{
						"code": "YQ",
						"currency": "EUR",
						"description": "YQI LX CARRIER IMPOSED MISC FEE",
						"total": 5
					},
					{
						"code": "CH",
						"currency": "EUR",
						"description": "AIRPORT PASSENGER SECURITY AND NOISE CHARGE",
						"total": 15.36
					},
					{
						"code": "GB",
						"currency": "EUR",
						"description": "AIR PASSENGER DUTY APD",
						"total": 15.28
					},
					{
						"code": "UB",
						"currency": "EUR",
						"description": "PASSENGER SERVICE CHARGE DEPARTURES",
						"total": 44.33
					}
				],
				"total": 84.97
			},
			"total": 134.97
		},
		"provider": {
			"base": 50,
			"breakdown": [
				{
					"base": 50,
					"offerItemID": "",
					"passengerRefs": "T1",
					"passengerType": "ADT",
					"surcharge": 0,
					"tax": {
						"breakdown": [
							{
								"code": "YQ",
								"currency": "EUR",
								"description": "YQI LX CARRIER IMPOSED MISC FEE",
								"total": 5
							},
							{
								"code": "YQ",
								"currency": "EUR",
								"description": "YQI LX CARRIER IMPOSED MISC FEE",
								"total": 5
							},
							{
								"code": "CH",
								"currency": "EUR",
								"description": "AIRPORT PASSENGER SECURITY AND NOISE CHARGE",
								"total": 15.36
							},
							{
								"code": "GB",
								"currency": "EUR",
								"description": "AIR PASSENGER DUTY APD",
								"total": 15.28
							},
							{
								"code": "UB",
								"currency": "EUR",
								"description": "PASSENGER SERVICE CHARGE DEPARTURES",
								"total": 44.33
							}
						],
						"total": 84.97
					}
				}
			],
			"currency": "EUR",
			"tax": {
				"breakdown": [
					{
						"code": "YQ",
						"currency": "EUR",
						"description": "YQI LX CARRIER IMPOSED MISC FEE",
						"total": 5
					},
					{
						"code": "YQ",
						"currency": "EUR",
						"description": "YQI LX CARRIER IMPOSED MISC FEE",
						"total": 5
					},
					{
						"code": "CH",
						"currency": "EUR",
						"description": "AIRPORT PASSENGER SECURITY AND NOISE CHARGE",
						"total": 15.36
					},
					{
						"code": "GB",
						"currency": "EUR",
						"description": "AIR PASSENGER DUTY APD",
						"total": 15.28
					},
					{
						"code": "UB",
						"currency": "EUR",
						"description": "PASSENGER SERVICE CHARGE DEPARTURES",
						"total": 44.33
					}
				],
				"total": 84.97
			},
			"total": 134.97
		}
	},
	"readyToTicketIssue": true,
	"services": [
		{
			"bookingInstructions": {
				"mandatoryText": "",
				"pattern": "",
				"placeHolder": "",
				"type": ""
			},
			"maximumQuantity": 1,
			"minimumQuantity": 1,
			"name": "MILEAGE ACCRUAL",
			"objectKey": "A-OC-057",
			"price": {
				"consumer": {
					"base": 0,
					"currency": "EUR",
					"tax": {
						"total": 0
					},
					"total": 0
				},
				"provider": {
					"base": 0,
					"currency": "",
					"tax": {
						"total": 0
					},
					"total": 0
				}
			},
			"ref": "Service",
			"removable": false,
			"segmentReferences": "S2",
			"serviceID": "A-OC-057",
			"travelerReferences": "T1"
		},
		{
			"bookingInstructions": {
				"mandatoryText": "",
				"pattern": "",
				"placeHolder": "",
				"type": ""
			},
			"maximumQuantity": 1,
			"minimumQuantity": 1,
			"name": "MILEAGE ACCRUAL",
			"objectKey": "A-OC-057",
			"price": {
				"consumer": {
					"base": 0,
					"currency": "EUR",
					"tax": {
						"total": 0
					},
					"total": 0
				},
				"provider": {
					"base": 0,
					"currency": "",
					"tax": {
						"total": 0
					},
					"total": 0
				}
			},
			"ref": "Service",
			"removable": false,
			"segmentReferences": "S3",
			"serviceID": "A-OC-057",
			"travelerReferences": "T1"
		},
		{
			"bookingInstructions": {
				"mandatoryText": "",
				"pattern": "",
				"placeHolder": "",
				"type": ""
			},
			"maximumQuantity": 1,
			"minimumQuantity": 1,
			"name": "Carry On Bag Allowance",
			"objectKey": "BASRV623C3BD9-CO",
			"price": {
				"consumer": {
					"base": 0,
					"currency": "EUR",
					"tax": {
						"total": 0
					},
					"total": 0
				},
				"provider": {
					"base": 0,
					"currency": "",
					"tax": {
						"total": 0
					},
					"total": 0
				}
			},
			"ref": "Service",
			"removable": false,
			"segmentReferences": "S2",
			"serviceID": "BASRV623C3BD9-CO",
			"travelerReferences": "T1"
		},
		{
			"bookingInstructions": {
				"mandatoryText": "",
				"pattern": "",
				"placeHolder": "",
				"type": ""
			},
			"maximumQuantity": 1,
			"minimumQuantity": 1,
			"name": "Carry On Bag Allowance",
			"objectKey": "BASRV46BF9F93-CO",
			"price": {
				"consumer": {
					"base": 0,
					"currency": "EUR",
					"tax": {
						"total": 0
					},
					"total": 0
				},
				"provider": {
					"base": 0,
					"currency": "",
					"tax": {
						"total": 0
					},
					"total": 0
				}
			},
			"ref": "Service",
			"removable": false,
			"segmentReferences": "S3",
			"serviceID": "BASRV46BF9F93-CO",
			"travelerReferences": "T1"
		}
	],
	"status": "Ticketed",
	"tickets": [
		{
			"coupons": [
				{
					"fareBasisCode": "K03LGTEH",
					"media": "Electronic",
					"number": "1",
					"reference": "S2",
					"segment": {
						"arrival": {
							"airportCode": "ZRH",
							"airportName": "Zurich Airport, CH",
							"date": "2022-01-07",
							"terminalName": "",
							"time": "16:05"
						},
						"arrivalDateTime": {
							"date": "2022-01-07",
							"time": "16:05"
						},
						"departure": {
							"airportCode": "LCY",
							"airportName": "London City Apt, GB",
							"date": "2022-01-07",
							"terminalName": "",
							"time": "13:30"
						},
						"departureDateTime": {
							"date": "2022-01-07",
							"time": "13:30"
						},
						"equipment": {
							"aircraftCode": "221",
							"name": "Airbus A220-100 Passenger"
						},
						"marketingCarrier": {
							"airlineID": "LX",
							"flightNumber": "0457",
							"name": "Swiss"
						},
						"status": "HK"
					},
					"status": "I",
					"statusDefinition": "Original Issue",
					"valid": {
						"effective": "2022-01-07",
						"expiration": "2022-01-07"
					}
				},
				{
					"fareBasisCode": "K03LGTEH",
					"media": "Electronic",
					"number": "2",
					"reference": "S3",
					"segment": {
						"arrival": {
							"airportCode": "CDG",
							"airportName": "Paris Charles de Gaulle Apt, FR",
							"date": "2022-01-07",
							"terminalName": "2B",
							"time": "19:15"
						},
						"arrivalDateTime": {
							"date": "2022-01-07",
							"time": "19:15"
						},
						"departure": {
							"airportCode": "ZRH",
							"airportName": "Zurich Airport, CH",
							"date": "2022-01-07",
							"terminalName": "",
							"time": "17:55"
						},
						"departureDateTime": {
							"date": "2022-01-07",
							"time": "17:55"
						},
						"equipment": {
							"aircraftCode": "320",
							"name": "Airbus A320"
						},
						"marketingCarrier": {
							"airlineID": "LX",
							"flightNumber": "0644",
							"name": "Swiss"
						},
						"status": "HK"
					},
					"status": "I",
					"statusDefinition": "Original Issue",
					"valid": {
						"effective": "2022-01-07",
						"expiration": "2022-01-07"
					}
				}
			],
			"dateOfIssue": "2021-12-03",
			"numberOfBooklets": 1,
			"passengerRef": "T1",
			"price": {
				"consumer": {
					"base": 50,
					"currency": "EUR",
					"tax": {
						"breakdown": [
							{
								"code": "YQ",
								"currency": "EUR",
								"description": "YQI LX CARRIER IMPOSED MISC FEE",
								"total": 5
							},
							{
								"code": "YQ",
								"currency": "EUR",
								"description": "YQI LX CARRIER IMPOSED MISC FEE",
								"total": 5
							},
							{
								"code": "CH",
								"currency": "EUR",
								"description": "AIRPORT PASSENGER SECURITY AND NOISE CHARGE",
								"total": 15.36
							},
							{
								"code": "GB",
								"currency": "EUR",
								"description": "AIR PASSENGER DUTY APD",
								"total": 15.28
							},
							{
								"code": "UB",
								"currency": "EUR",
								"description": "PASSENGER SERVICE CHARGE DEPARTURES",
								"total": 44.33
							}
						],
						"total": 84.97
					},
					"total": 134.97
				},
				"provider": {
					"base": 50,
					"currency": "EUR",
					"tax": {
						"breakdown": [
							{
								"code": "YQ",
								"currency": "EUR",
								"description": "YQI LX CARRIER IMPOSED MISC FEE",
								"total": 5
							},
							{
								"code": "YQ",
								"currency": "EUR",
								"description": "YQI LX CARRIER IMPOSED MISC FEE",
								"total": 5
							},
							{
								"code": "CH",
								"currency": "EUR",
								"description": "AIRPORT PASSENGER SECURITY AND NOISE CHARGE",
								"total": 15.36
							},
							{
								"code": "GB",
								"currency": "EUR",
								"description": "AIR PASSENGER DUTY APD",
								"total": 15.28
							},
							{
								"code": "UB",
								"currency": "EUR",
								"description": "PASSENGER SERVICE CHARGE DEPARTURES",
								"total": 44.33
							}
						],
						"total": 84.97
					},
					"total": 134.97
				}
			},
			"ticketNumber": "72457491411196",
			"timeOfIssue": "13:25",
			"typeCode": "702",
			"typeCodeDefinition": "Ticket (electronic)"
		}
	],
	"warnings": [
		{
			"severity": "warning",
			"text": "msg: OB Fees of incl for OPC GB FCA may be applied for traveler T1.",
			"timestamp": "2021-12-03T12:25:09Z",
			"type": "OrderCreate"
		},
		{
			"severity": "warning",
			"text": "msg: OB Fees of incl for OPC EXEMPT FDA may be applied for traveler T1.",
			"timestamp": "2021-12-03T12:25:09Z",
			"type": "OrderCreate"
		}
	]
}