{
	"corporateID": "",
	"passengers": [
		{
			"data": {
				"address": {
					"cityName": "Saint-Petersburg",
					"countryCode": "RU",
					"postalCode": "197373",
					"street": "Test"
				},
				"birthdate": "2001-11-18",
				"email": "smith@airgateway.net",
				"fqtvInfo": {
					"account": {
						"number": ""
					},
					"airlineID": "LH"
				},
				"gender": "Female",
				"name": "Jordyn",
				"phone": "+34666123123",
				"surname": "Hesch"
			},
			"document": {
				"documentID": "115233245A",
				"documentType": "PP",
				"expirationDate": "2025-07-03"
			},
			"passengerType": "ADT",
			"travelerReference": "T1"
		}
	],
	"payment": {
		"cardCode": "CA",
		"cardHolderEmail": "accept@accept.com",
		"cardHolderName": "JOHN",
		"cardHolderSurname": "DOE",
		"cardHolderTitle": "MR",
		"cardNumber": "****************",
		"cardType": "CC",
		"cityName": "MAD",
		"countryCode": "ES",
		"expiration": "0139",
		"method": "card",
		"phone": "+34646666621",
		"postalCode": "28900",
		"seriesCode": "***",
		"stateProv": "28",
		"street1": "Ibiza 21"
	},
	"shoppingResponseID": "7PHB6AQO9K389T2EPE6MMAR9HPAYC5PLHYNVT6BWUSUBYQ3EMF6TCGQ698HACZHK"
}