{
    "metadata": {
        "country": "DE",
        "currency": "EUR",
        "locale": "de_DE"
    },
    "originDestinations": [
        {
            "departure": {
                "airportCode": "FRA",
                "date": "2021-04-18",
                "time": "",
                "terminalName": ""
            },
            "arrival": {
                "airportCode": "LHR",
                "time": "",
                "terminalName": ""
            }
        }
    ],
    "preferences": {
        "nonStop": false,
        "cabin": [
            "7"
        ]
    },
    "travelers": {
        "adt": 1,
        "yad": 1,
        "chd": 2,
        "inf": 0
    }
}