{
    "corporateID": "",
    "passengers": [
        {
            "document": {
                "documentID": "115233245A",
                "documentType": "PP",
                "expirationDate": "2022-03-13"
            },
            "passenger": {
                "address": {
                    "cityName": "Saint-Petersburg",
                    "countryCode": "RU",
                    "postalCode": "197373",
                    "street": "Test"
                },
                "birthdate": "2001-09-11",
                "emailContact": "smith@airgateway.net",
                "fqtvInfo": {
                    "account": {
                        "number": ""
                    },
                    "airlineID": "BA"
                },
                "gender": "Male",
                "middlename": "Resnick",
                "nameGiven": "Brenda",
                "passengerType": "ADT",
                "phone": {
                    "areaCode": "",
                    "countryCode": "34",
                    "number": "666123123"
                },
                "residenceCountryCode": "ES",
                "surname": "Anderson"
            },
            "travelerReference": "ADT0"
        },
        {
            "document": {
                "documentID": "115133226A",
                "documentType": "PP",
                "expirationDate": "2023-04-04"
            },
            "passenger": {
                "address": {
                    "cityName": "",
                    "countryCode": "",
                    "postalCode": "",
                    "street": ""
                },
                "birthdate": "2007-06-19",
                "emailContact": "",
                "fqtvInfo": {
                    "account": {
                        "number": ""
                    },
                    "airlineID": "BA"
                },
                "gender": "Male",
                "middlename": "Lawless",
                "nameGiven": "Brenda",
                "passengerType": "YAD",
                "phone": {
                    "areaCode": "",
                    "countryCode": "34",
                    "number": ""
                },
                "residenceCountryCode": "RU",
                "surname": "Deitz"
            },
            "travelerReference": "YAD0"
        },
        {
            "document": {
                "documentID": "115233266A",
                "documentType": "PP",
                "expirationDate": "2022-10-23"
            },
            "passenger": {
                "address": {
                    "cityName": "",
                    "countryCode": "",
                    "postalCode": "",
                    "street": ""
                },
                "birthdate": "2011-11-27",
                "emailContact": "",
                "fqtvInfo": {
                    "account": {
                        "number": ""
                    },
                    "airlineID": "BA"
                },
                "gender": "Male",
                "middlename": "Knutson",
                "nameGiven": "Anesu",
                "passengerType": "CHD",
                "phone": {
                    "areaCode": "",
                    "countryCode": "34",
                    "number": ""
                },
                "residenceCountryCode": "ES",
                "surname": "Resnick"
            },
            "travelerReference": "CHD0"
        },
        {
            "document": {
                "documentID": "115233166A",
                "documentType": "PP",
                "expirationDate": "2024-09-19"
            },
            "passenger": {
                "address": {
                    "cityName": "",
                    "countryCode": "",
                    "postalCode": "",
                    "street": ""
                },
                "birthdate": "2011-11-20",
                "emailContact": "",
                "fqtvInfo": {
                    "account": {
                        "number": ""
                    },
                    "airlineID": "BA"
                },
                "gender": "Male",
                "middlename": "Ortiz",
                "nameGiven": "Payton",
                "passengerType": "CHD",
                "phone": {
                    "areaCode": "",
                    "countryCode": "34",
                    "number": ""
                },
                "residenceCountryCode": "RU",
                "surname": "Ebner"
            },
            "travelerReference": "CHD1"
        }
    ],
    "payment": {
        "cardCode": "VI",
        "cardHolderEmail": "accept@accept.com",
        "cardHolderName": "JOHN",
        "cardHolderSurname": "DOE",
        "cardHolderTitle": "MR",
        "cardNumber": "****************",
        "cardType": "CC",
        "cityName": "MAD",
        "countryCode": "ES",
        "expiration": "0521",
        "method": "card",
        "phone": {
            "areaCode": "",
            "countryCode": "34",
            "number": "646666621"
        },
        "postalCode": "28900",
        "seriesCode": "***",
        "stateProv": "28",
        "street1": "Ibiza 21"
    },
    "shoppingResponseID": "CUW0AS34KBHRI27MUTWOOEUPH53H7N1QR8FVOK49WCZ2E9FQ7OPBIEI6IF289O7S"
}