{
	"agency": "airgateway",
	"agencyData": {
		"countryCode": "",
		"iataCode": "00000136"
	},
	"allowedRequests": {
		"postTicketing": {
			"OrderCancel": false,
			"OrderReshop": true,
			"OrderReshopRouteChange": false,
			"OrderVoid": true,
			"SeatAvailability": true,
			"ServiceList": true
		},
		"preTicketing": {
			"OrderCancel": true,
			"OrderReprice": true,
			"SeatAvailability": true,
			"ServiceList": true,
			"TicketIssue": true
		}
	},
	"approvalStatus": "",
	"bookingReference": {
		"airlineID": "BA",
		"id": "SFG3R9",
		"otherID": "BA"
	},
	"disclosures": [
		{
			"descriptions": [
				{
					"category": "BAGGAGE_CARRYON",
					"item": "BAGGAGE_CARRYON",
					"media": {},
					"originDestinationReference": "OD1",
					"properties": [
						{
							"UOM": "CM",
							"type": "Length",
							"value": "56"
						},
						{
							"UOM": "CM",
							"type": "Height",
							"value": "45"
						},
						{
							"UOM": "CM",
							"type": "Widht",
							"value": "25"
						},
						{
							"UOM": "IN",
							"type": "Length",
							"value": "22"
						},
						{
							"UOM": "IN",
							"type": "Height",
							"value": "18"
						},
						{
							"UOM": "IN",
							"type": "Widht",
							"value": "10"
						}
					],
					"text": "1 handbag/laptop bag per person Up to 56cm x 45cm x 25cm/22in x 18in x 10in."
				},
				{
					"category": "BAGGAGE_CARRYON",
					"item": "BAGGAGE_CARRYON",
					"media": {},
					"originDestinationReference": "OD1",
					"properties": [
						{
							"UOM": "CM",
							"type": "Length",
							"value": "40"
						},
						{
							"UOM": "CM",
							"type": "Height",
							"value": "30"
						},
						{
							"UOM": "CM",
							"type": "Widht",
							"value": "15"
						},
						{
							"UOM": "IN",
							"type": "Length",
							"value": "16"
						},
						{
							"UOM": "IN",
							"type": "Height",
							"value": "12"
						},
						{
							"UOM": "IN",
							"type": "Widht",
							"value": "6"
						}
					],
					"text": "To be placed under the seat in front of you*. Up to 40cm x 30cm x 15cm/16in x 12in x 6in."
				},
				{
					"category": "BAGGAGE_CARRYON",
					"item": "BAGGAGE_CARRYON",
					"media": {},
					"originDestinationReference": "OD1",
					"text": "Plus 1 additional cabin bag per person "
				},
				{
					"category": "BAGGAGE_CARRYON",
					"item": "BAGGAGE_CARRYON",
					"media": {},
					"originDestinationReference": "OD1",
					"text": "You must be able to lift your bag unaided into the overhead locker*. "
				},
				{
					"category": "BAGGAGE_CARRYON",
					"item": "BAGGAGE_CARRYON",
					"media": {},
					"originDestinationReference": "OD1",
					"text": "Allowances for children and infants "
				},
				{
					"category": "BAGGAGE_CARRYON",
					"item": "BAGGAGE_CARRYON",
					"media": {},
					"originDestinationReference": "OD1",
					"text": "In addition to their baggage allowance infants and children, up to age 11, can also take one fully collapsible pushchair (stroller) and one car seat. "
				},
				{
					"category": "BAGGAGE_CHECKED",
					"item": "BAGGAGE_CHECKED",
					"media": {},
					"originDestinationReference": "OD1",
					"text": "You have selected a hand baggage only fare "
				},
				{
					"category": "BAGGAGE_CHECKED",
					"item": "BAGGAGE_CHECKED",
					"media": {},
					"originDestinationReference": "OD1",
					"text": "No checked baggage allowance for any passengers "
				},
				{
					"category": "BAGGAGE_CHECKED",
					"item": "BAGGAGE_CHECKED",
					"media": {},
					"originDestinationReference": "OD1",
					"text": "Buy checked baggage allowances later "
				},
				{
					"category": "BAGGAGE_CHECKED",
					"item": "BAGGAGE_CHECKED",
					"media": {},
					"originDestinationReference": "OD1",
					"text": "Checked baggage allowances can be bought for an additional cost in Manage My Booking at any time after you have booked your flight(s). "
				},
				{
					"category": "BAGGAGE_CHECKED",
					"item": "BAGGAGE_CHECKED",
					"media": {},
					"originDestinationReference": "OD1",
					"text": "Hand baggage allowance "
				},
				{
					"category": "BAGGAGE_CHECKED",
					"item": "BAGGAGE_CHECKED",
					"media": {},
					"originDestinationReference": "OD1",
					"text": "restrictions on what you can pack "
				},
				{
					"category": "BAGGAGE_CHECKED",
					"item": "BAGGAGE_CHECKED",
					"media": {},
					"originDestinationReference": "OD1",
					"text": "Extra baggage allowance charges "
				},
				{
					"category": "BAGGAGE_CHECKED",
					"item": "BAGGAGE_CHECKED",
					"media": {},
					"originDestinationReference": "OD1",
					"text": "There are restrictions on what you may pack and on the dimensions of your bags. "
				},
				{
					"category": "BAGGAGE_CHECKED",
					"item": "BAGGAGE_CHECKED",
					"media": {},
					"originDestinationReference": "OD1",
					"text": "You may be charged for extra or overweight bags.  "
				},
				{
					"category": "BAGGAGE_CHECKED",
					"item": "BAGGAGE_CHECKED",
					"media": {},
					"originDestinationReference": "OD1",
					"text": "Baggage essentials "
				},
				{
					"category": "BAGGAGE_CHECKED",
					"item": "BAGGAGE_CHECKED",
					"media": {},
					"originDestinationReference": "OD1",
					"text": "Baggage allowances and charges "
				}
			],
			"listKey": "HANDBAGOD1_CKBAGOD1_CKBAGOD1OFFER2_"
		},
		{
			"descriptions": [
				{
					"category": "BAGGAGE_CARRYON",
					"item": "BAGGAGE_CARRYON",
					"text": "1 handbag/laptop bag (40cm x 30cm x 15cm/16in x 12in x 6in) plus one additional cabin bag (56cm x 45cm x 25cm/22in x 18in x 10in)"
				},
				{
					"category": "UNKNOWN",
					"item": "UNKNOWN_ITEM",
					"text": "Check in online or on your mobile"
				},
				{
					"category": "SERVICE",
					"item": "LOCATED_AIRPORTS",
					"text": "Convenient centrally located airports"
				},
				{
					"category": "UNKNOWN",
					"item": "UNKNOWN_ITEM",
					"text": "The reliability and reassurance of flying British Airways"
				},
				{
					"category": "MILES",
					"item": "MILES",
					"text": "This fare will earn Executive Club Tier Points"
				}
			],
			"listKey": "DISCLOSURE1"
		}
	],
	"externalOrderID": "SFG3R9",
	"flights": [
		{
			"arrival": {
				"airportCode": "LHR",
				"airportName": "Heathrow (London) Airport",
				"date": "2021-04-18",
				"terminalName": "5",
				"time": "07:55"
			},
			"departure": {
				"airportCode": "FRA",
				"airportName": "Frankfurt Airport",
				"date": "2021-04-18",
				"terminalName": "2",
				"time": "07:05"
			},
			"flightDuration": "1h50m",
			"flightKey": "Flight1",
			"flightSegments": [
				{
					"equipment": {
						"aircraftCode": "320",
						"name": "Airbus A320 jet"
					},
					"flightDetail": {
						"classOfService": {
							"cabinDesignator": "ECONOMY",
							"code": "N",
							"disclosureRefs": [
								""
							],
							"disclosures": {
								"ADT": {
									"fareRules": {
										"penalties": [
											{
												"amounts": [
													{
														"amount": 80,
														"currency": "EUR",
														"providerAmount": 80,
														"providerCurrency": "EUR",
														"remark": ""
													}
												],
												"description": "Time/date changes permitted at any time before each flight departure for a change fee of EUR 80 or an upgrade fee of EUR 80 plus any difference in fare. All sectors may be repriced. Changes subject to availability. Fees apply per ticket",
												"type": "Change"
											},
											{
												"amounts": [
													{
														"amount": 80,
														"currency": "EUR",
														"providerAmount": 80,
														"providerCurrency": "EUR",
														"remark": ""
													}
												],
												"description": "Time/date changes permitted at any time before each flight departure for a change fee of EUR 80 or an upgrade fee of EUR 80 plus any difference in fare. All sectors may be repriced. Changes subject to availability. Fees apply per ticket",
												"type": "Upgrade"
											},
											{
												"amounts": [
													{
														"amount": 0,
														"currency": "EUR",
														"providerAmount": 0,
														"providerCurrency": "EUR",
														"remark": ""
													}
												],
												"description": "There are no refunds except for any government \u0026amp; airport taxes.",
												"type": "Cancellation"
											}
										]
									}
								},
								"CHD": {
									"fareRules": {
										"penalties": [
											{
												"amounts": [
													{
														"amount": 80,
														"currency": "EUR",
														"providerAmount": 80,
														"providerCurrency": "EUR",
														"remark": ""
													}
												],
												"description": "Time/date changes permitted at any time before each flight departure for a change fee of EUR 80 or an upgrade fee of EUR 80 plus any difference in fare. All sectors may be repriced. Changes subject to availability. Fees apply per ticket",
												"type": "Change"
											},
											{
												"amounts": [
													{
														"amount": 80,
														"currency": "EUR",
														"providerAmount": 80,
														"providerCurrency": "EUR",
														"remark": ""
													}
												],
												"description": "Time/date changes permitted at any time before each flight departure for a change fee of EUR 80 or an upgrade fee of EUR 80 plus any difference in fare. All sectors may be repriced. Changes subject to availability. Fees apply per ticket",
												"type": "Upgrade"
											},
											{
												"amounts": [
													{
														"amount": 0,
														"currency": "EUR",
														"providerAmount": 0,
														"providerCurrency": "EUR",
														"remark": ""
													}
												],
												"description": "There are no refunds except for any government \u0026amp; airport taxes.",
												"type": "Cancellation"
											}
										]
									}
								}
							},
							"fareCabin": "R",
							"fareStandardName": "SemiFlex",
							"marketingName": "Basic",
							"refs": ""
						},
						"fareCabin": "R",
						"fareCode": "70J",
						"fareStandardName": "SemiFlex",
						"fareType": "Published",
						"flightDuration": "PT1H50M",
						"flightSegmentType": "HK",
						"stopQuantity": "0"
					},
					"flightNumber": "BA0901",
					"marketingCarrier": {
						"airlineID": "BA",
						"flightNumber": "0901",
						"name": "British Airways"
					},
					"operatingCarrier": {
						"airlineID": "BA",
						"disclosures": [
							{
								"descriptions": [
									{
										"text": "BA"
									}
								],
								"listKey": ""
							}
						],
						"flightNumber": "0901",
						"name": "British Airways"
					},
					"originDestination": {
						"arrival": {
							"airportCode": "LHR",
							"airportName": "Heathrow (London) Airport",
							"date": "2021-04-18",
							"terminalName": "5",
							"time": "07:55"
						},
						"departure": {
							"airportCode": "FRA",
							"airportName": "Frankfurt Airport",
							"date": "2021-04-18",
							"terminalName": "2",
							"time": "07:05"
						}
					},
					"segmentID": "FS1"
				}
			]
		}
	],
	"formOfPayment": "Card",
	"id": "BP-D37ZFY8WI9",
	"orderID": "SFG3R9",
	"passengers": [
		{
			"document": {
				"documentID": "115233245A",
				"documentType": "PP",
				"expirationDate": "2022-03-13"
			},
			"fareBasisCodes": {
				"FS1": "N"
			},
			"passenger": {
				"address": {
					"cityName": "Saint-Petersburg",
					"countryCode": "RU",
					"postalCode": "197373",
					"street": "Test"
				},
				"birthdate": "2001-09-11",
				"contactInfoRef": "ContactInfo-T2",
				"emailContact": "SMITH@AIRGATEWAY.NET",
				"fqtvInfo": {
					"account": {
						"number": ""
					},
					"airlineID": ""
				},
				"gender": "Male",
				"nameGiven": "BRENDA",
				"nameTitle": "MR",
				"passengerType": "ADT",
				"phone": {
					"areaCode": "",
					"countryCode": "",
					"number": "34666123123"
				},
				"surname": "ANDERSON"
			},
			"travelerReference": "T2"
		},
		{
			"document": {
				"documentID": "",
				"documentType": ""
			},
			"fareBasisCodes": {
				"FS1": "N"
			},
			"passenger": {
				"address": {},
				"birthdate": "2007-06-19",
				"fqtvInfo": {
					"account": {
						"number": ""
					},
					"airlineID": ""
				},
				"gender": "Male",
				"nameGiven": "BRENDA",
				"nameTitle": "MR",
				"passengerType": "ADT",
				"phone": {
					"areaCode": "",
					"countryCode": "",
					"number": ""
				},
				"surname": "DEITZ"
			},
			"travelerReference": "T3"
		},
		{
			"document": {
				"documentID": "115233166A",
				"documentType": "PP",
				"expirationDate": "2024-09-19"
			},
			"fareBasisCodes": {
				"FS1": "N"
			},
			"passenger": {
				"address": {},
				"birthdate": "2011-11-20",
				"fqtvInfo": {
					"account": {
						"number": ""
					},
					"airlineID": ""
				},
				"gender": "Male",
				"nameGiven": "PAYTON",
				"nameTitle": "MR",
				"passengerType": "CHD",
				"phone": {
					"areaCode": "",
					"countryCode": "",
					"number": ""
				},
				"surname": "EBNER"
			},
			"travelerReference": "T5"
		},
		{
			"document": {
				"documentID": "115233266A",
				"documentType": "PP",
				"expirationDate": "2022-10-23"
			},
			"fareBasisCodes": {
				"FS1": "N"
			},
			"passenger": {
				"address": {},
				"birthdate": "2011-11-27",
				"fqtvInfo": {
					"account": {
						"number": ""
					},
					"airlineID": ""
				},
				"gender": "Male",
				"nameGiven": "ANESU",
				"nameTitle": "MR",
				"passengerType": "CHD",
				"phone": {
					"areaCode": "",
					"countryCode": "",
					"number": ""
				},
				"surname": "RESNICK"
			},
			"travelerReference": "T4"
		}
	],
	"paymentTimeLimit": "0001-01-01T00:00:00Z",
	"pnr": "SFG3R9",
	"price": {
		"currency": "EUR",
		"providerBaseAmount": 136,
		"providerCurrency": "EUR",
		"providerTotalPrice": 354.28,
		"providerTotalTaxes": 218.28,
		"taxes": [
			{
				"amount": 12.88,
				"currency": "EUR",
				"taxCode": "OY"
			},
			{
				"amount": 9.95,
				"currency": "EUR",
				"taxCode": "DE"
			},
			{
				"amount": 31.74,
				"currency": "EUR",
				"taxCode": "RA"
			},
			{
				"amount": 12.88,
				"currency": "EUR",
				"taxCode": "OY"
			},
			{
				"amount": 9.95,
				"currency": "EUR",
				"taxCode": "DE"
			},
			{
				"amount": 31.74,
				"currency": "EUR",
				"taxCode": "RA"
			},
			{
				"amount": 12.88,
				"currency": "EUR",
				"taxCode": "OY"
			},
			{
				"amount": 9.95,
				"currency": "EUR",
				"taxCode": "DE"
			},
			{
				"amount": 31.74,
				"currency": "EUR",
				"taxCode": "RA"
			},
			{
				"amount": 12.88,
				"currency": "EUR",
				"taxCode": "OY"
			},
			{
				"amount": 9.95,
				"currency": "EUR",
				"taxCode": "DE"
			},
			{
				"amount": 31.74,
				"currency": "EUR",
				"taxCode": "RA"
			}
		],
		"totalPrice": 354.28,
		"totalTaxes": 218.28
	},
	"readyToTicketIssue": true,
	"status": "Ticketed",
	"tickets": [
		{
			"dateOfIssue": "2021-03-31",
			"numberOfBooklets": 1,
			"passengerRef": "T2",
			"price": {
				"currency": "EUR",
				"providerBaseAmount": 34,
				"providerCurrency": "EUR",
				"providerTotalPrice": 88.57,
				"providerTotalTaxes": 54.57,
				"taxes": [
					{
						"amount": 12.88,
						"currency": "EUR",
						"taxCode": "OY"
					},
					{
						"amount": 9.95,
						"currency": "EUR",
						"taxCode": "DE"
					},
					{
						"amount": 31.74,
						"currency": "EUR",
						"taxCode": "RA"
					}
				],
				"totalPrice": 88.57,
				"totalTaxes": 54.57
			},
			"status": "T",
			"ticketNumber": "125-2116250812",
			"timeOfIssue": "",
			"typeCode": "T"
		},
		{
			"dateOfIssue": "2021-03-31",
			"numberOfBooklets": 1,
			"passengerRef": "T3",
			"price": {
				"currency": "EUR",
				"providerBaseAmount": 34,
				"providerCurrency": "EUR",
				"providerTotalPrice": 88.57,
				"providerTotalTaxes": 54.57,
				"taxes": [
					{
						"amount": 12.88,
						"currency": "EUR",
						"taxCode": "OY"
					},
					{
						"amount": 9.95,
						"currency": "EUR",
						"taxCode": "DE"
					},
					{
						"amount": 31.74,
						"currency": "EUR",
						"taxCode": "RA"
					}
				],
				"totalPrice": 88.57,
				"totalTaxes": 54.57
			},
			"status": "T",
			"ticketNumber": "125-2116250813",
			"timeOfIssue": "",
			"typeCode": "T"
		},
		{
			"dateOfIssue": "2021-03-31",
			"numberOfBooklets": 1,
			"passengerRef": "T5",
			"price": {
				"currency": "EUR",
				"providerBaseAmount": 34,
				"providerCurrency": "EUR",
				"providerTotalPrice": 88.57,
				"providerTotalTaxes": 54.57,
				"taxes": [
					{
						"amount": 12.88,
						"currency": "EUR",
						"taxCode": "OY"
					},
					{
						"amount": 9.95,
						"currency": "EUR",
						"taxCode": "DE"
					},
					{
						"amount": 31.74,
						"currency": "EUR",
						"taxCode": "RA"
					}
				],
				"totalPrice": 88.57,
				"totalTaxes": 54.57
			},
			"status": "T",
			"ticketNumber": "125-2116250814",
			"timeOfIssue": "",
			"typeCode": "T"
		},
		{
			"dateOfIssue": "2021-03-31",
			"numberOfBooklets": 1,
			"passengerRef": "T4",
			"price": {
				"currency": "EUR",
				"providerBaseAmount": 34,
				"providerCurrency": "EUR",
				"providerTotalPrice": 88.57,
				"providerTotalTaxes": 54.57,
				"taxes": [
					{
						"amount": 12.88,
						"currency": "EUR",
						"taxCode": "OY"
					},
					{
						"amount": 9.95,
						"currency": "EUR",
						"taxCode": "DE"
					},
					{
						"amount": 31.74,
						"currency": "EUR",
						"taxCode": "RA"
					}
				],
				"totalPrice": 88.57,
				"totalTaxes": 54.57
			},
			"status": "T",
			"ticketNumber": "125-2116250815",
			"timeOfIssue": "",
			"typeCode": "T"
		}
	]
}