{
	"agency": "airgateway",
	"agencyData": {
		"countryCode": "",
		"iataCode": "00000136"
	},
	"allowedRequests": {
		"pending": {
			"OrderCancel": true,
			"OrderReprice": true,
			"OrderSplit": true,
			"SeatAvailability": true,
			"ServiceList": true,
			"TicketIssue": true
		},
		"started": {
			"OrderCancel": true,
			"OrderReshop": true,
			"OrderReshopRefund": true
		},
		"ticketed": {
			"OrderCancel": true,
			"OrderReshop": true,
			"OrderReshopRefund": true,
			"OrderReshopRouteChange": true,
			"OrderSplit": true,
			"OrderVoid": false,
			"SeatAvailability": true,
			"ServiceList": true
		}
	},
	"approvalStatus": "",
	"bookingReference": {
		"airlineID": "BA",
		"id": "TQIV43",
		"otherID": "BA"
	},
	"disclosures": [
		{
			"descriptions": [
				{
					"category": "BAGGAGE_CARRYON",
					"item": "BAGGAGE_CARRYON",
					"media": {
						"id": "",
						"link": ""
					},
					"metadataToken": "",
					"originDestinationReference": "Flight1",
					"properties": [
						{
							"UOM": "CM",
							"type": "Length",
							"value": "56"
						},
						{
							"UOM": "CM",
							"type": "Height",
							"value": "45"
						},
						{
							"UOM": "CM",
							"type": "Widht",
							"value": "25"
						},
						{
							"UOM": "IN",
							"type": "Length",
							"value": "22"
						},
						{
							"UOM": "IN",
							"type": "Height",
							"value": "18"
						},
						{
							"UOM": "IN",
							"type": "Widht",
							"value": "10"
						}
					],
					"text": "1 handbag/laptop bag per person Up to 56cm x 45cm x 25cm/22in x 18in x 10in.",
					"units": ""
				},
				{
					"category": "BAGGAGE_CARRYON",
					"item": "BAGGAGE_CARRYON",
					"media": {
						"id": "",
						"link": ""
					},
					"metadataToken": "",
					"originDestinationReference": "Flight1",
					"properties": [
						{
							"UOM": "CM",
							"type": "Length",
							"value": "40"
						},
						{
							"UOM": "CM",
							"type": "Height",
							"value": "30"
						},
						{
							"UOM": "CM",
							"type": "Widht",
							"value": "15"
						},
						{
							"UOM": "IN",
							"type": "Length",
							"value": "16"
						},
						{
							"UOM": "IN",
							"type": "Height",
							"value": "12"
						},
						{
							"UOM": "IN",
							"type": "Widht",
							"value": "6"
						}
					],
					"text": "To be placed under the seat in front of you*. Up to 40cm x 30cm x 15cm/16in x 12in x 6in.",
					"units": ""
				},
				{
					"category": "BAGGAGE_CARRYON",
					"item": "BAGGAGE_CARRYON",
					"media": {
						"id": "",
						"link": ""
					},
					"metadataToken": "",
					"originDestinationReference": "Flight1",
					"text": "Plus 1 additional cabin bag per person ",
					"units": ""
				},
				{
					"category": "BAGGAGE_CARRYON",
					"item": "BAGGAGE_CARRYON",
					"media": {
						"id": "",
						"link": ""
					},
					"metadataToken": "",
					"originDestinationReference": "Flight1",
					"text": "You must be able to lift your bag unaided into the overhead locker*. ",
					"units": ""
				},
				{
					"category": "BAGGAGE_CHECKED",
					"item": "BAGGAGE_CHECKED",
					"media": {
						"id": "",
						"link": ""
					},
					"metadataToken": "",
					"originDestinationReference": "Flight1",
					"text": "You have selected a hand baggage only fare ",
					"units": ""
				},
				{
					"category": "BAGGAGE_CHECKED",
					"item": "BAGGAGE_CHECKED",
					"media": {
						"id": "",
						"link": ""
					},
					"metadataToken": "",
					"originDestinationReference": "Flight1",
					"text": "No checked baggage allowance for any passengers ",
					"units": ""
				},
				{
					"category": "BAGGAGE_CHECKED",
					"item": "BAGGAGE_CHECKED",
					"media": {
						"id": "",
						"link": ""
					},
					"metadataToken": "",
					"originDestinationReference": "Flight1",
					"text": "Buy checked baggage allowances later ",
					"units": ""
				},
				{
					"category": "BAGGAGE_CHECKED",
					"item": "BAGGAGE_CHECKED",
					"media": {
						"id": "",
						"link": ""
					},
					"metadataToken": "",
					"originDestinationReference": "Flight1",
					"text": "Checked baggage allowances can be bought for an additional cost in Manage My Booking at any time after you have booked your flight(s). ",
					"units": ""
				},
				{
					"category": "BAGGAGE_CHECKED",
					"item": "BAGGAGE_CHECKED",
					"media": {
						"id": "",
						"link": ""
					},
					"metadataToken": "",
					"originDestinationReference": "Flight1",
					"text": "Hand baggage allowance ",
					"units": ""
				},
				{
					"category": "BAGGAGE_CHECKED",
					"item": "BAGGAGE_CHECKED",
					"media": {
						"id": "",
						"link": ""
					},
					"metadataToken": "",
					"originDestinationReference": "Flight1",
					"text": "restrictions on what you can pack ",
					"units": ""
				},
				{
					"category": "BAGGAGE_CHECKED",
					"item": "BAGGAGE_CHECKED",
					"media": {
						"id": "",
						"link": ""
					},
					"metadataToken": "",
					"originDestinationReference": "Flight1",
					"text": "Extra baggage allowance charges ",
					"units": ""
				},
				{
					"category": "BAGGAGE_CHECKED",
					"item": "BAGGAGE_CHECKED",
					"media": {
						"id": "",
						"link": ""
					},
					"metadataToken": "",
					"originDestinationReference": "Flight1",
					"text": "There are restrictions on what you may pack and on the dimensions of your bags. ",
					"units": ""
				},
				{
					"category": "BAGGAGE_CHECKED",
					"item": "BAGGAGE_CHECKED",
					"media": {
						"id": "",
						"link": ""
					},
					"metadataToken": "",
					"originDestinationReference": "Flight1",
					"text": "You may be charged for extra or overweight bags.  ",
					"units": ""
				},
				{
					"category": "BAGGAGE_CHECKED",
					"item": "BAGGAGE_CHECKED",
					"media": {
						"id": "",
						"link": ""
					},
					"metadataToken": "",
					"originDestinationReference": "Flight1",
					"text": "Baggage essentials ",
					"units": ""
				},
				{
					"category": "BAGGAGE_CHECKED",
					"item": "BAGGAGE_CHECKED",
					"media": {
						"id": "",
						"link": ""
					},
					"metadataToken": "",
					"originDestinationReference": "Flight1",
					"text": "Baggage allowances and charges ",
					"units": ""
				}
			],
			"listKey": "HANDBAGOD1_CKBAGOD1_CKBAGOD1OFFER2_"
		}
	],
	"externalOrderID": "TQIV43",
	"flights": [
		{
			"arrival": {
				"airportCode": "LHR",
				"airportName": "Heathrow (London) Airport",
				"date": "2021-09-10",
				"terminalName": "5",
				"time": "15:25"
			},
			"baggageAllowance": {
				"carryOn": [
					{
						"chooseType": "many",
						"options": [
							{
								"properties": [
									{
										"UOM": "CM",
										"type": "Length",
										"value": "40.00"
									},
									{
										"UOM": "CM",
										"type": "Width",
										"value": "30.00"
									},
									{
										"UOM": "CM",
										"type": "Height",
										"value": "15.00"
									},
									{
										"UOM": "IN",
										"type": "Length",
										"value": "16.00"
									},
									{
										"UOM": "IN",
										"type": "Width",
										"value": "12.00"
									},
									{
										"UOM": "IN",
										"type": "Height",
										"value": "6.00"
									}
								],
								"quantity": 1,
								"text": "1 briefcase, laptop or handbag"
							},
							{
								"properties": [
									{
										"UOM": "CM",
										"type": "Length",
										"value": "56.00"
									},
									{
										"UOM": "CM",
										"type": "Width",
										"value": "45.00"
									},
									{
										"UOM": "CM",
										"type": "Height",
										"value": "25.00"
									},
									{
										"UOM": "IN",
										"type": "Length",
										"value": "22.00"
									},
									{
										"UOM": "IN",
										"type": "Width",
										"value": "18.00"
									},
									{
										"UOM": "IN",
										"type": "Height",
										"value": "10.00"
									}
								],
								"quantity": 1,
								"text": "1 carry on bag"
							}
						],
						"passengerRefs": "T2"
					}
				],
				"checked": [
					{
						"chooseType": "one",
						"options": [
							{
								"quantity": 0,
								"text": "checked bag not included"
							}
						],
						"passengerRefs": "T2"
					}
				]
			},
			"departure": {
				"airportCode": "FRA",
				"airportName": "Frankfurt Airport",
				"date": "2021-09-10",
				"terminalName": "2",
				"time": "14:35"
			},
			"duration": "PT01H50M",
			"key": "Flight1",
			"segments": [
				{
					"ODRef": "",
					"detail": {
						"classOfService": {
							"cabinDesignator": "ECONOMY",
							"code": "O",
							"disclosureRefs": [
								""
							],
							"fare": {
								"basisCode": "OPZ0HO/Y",
								"cabin": "2",
								"code": "70J",
								"marketingName": "Euro Traveller",
								"priceClassName": "Basic",
								"standardName": "SemiFlex",
								"type": "Published"
							},
							"fareRules": [
								{
									"cancel": "",
									"change": "For Fee",
									"passengerRef": "T2",
									"passengerType": "ADT",
									"penalties": [
										{
											"amounts": [
												{
													"amount": 0,
													"currency": "EUR",
													"providerAmount": 0,
													"providerCurrency": "EUR",
													"remark": ""
												}
											],
											"description": "",
											"type": "EXCHANGE"
										},
										{
											"amounts": [
												{
													"amount": 0,
													"currency": "EUR",
													"providerAmount": 0,
													"providerCurrency": "EUR",
													"remark": ""
												}
											],
											"description": "",
											"type": "EXCHANGE"
										},
										{
											"amounts": [
												{
													"amount": 0,
													"currency": "EUR",
													"providerAmount": 0,
													"providerCurrency": "EUR",
													"remark": ""
												}
											],
											"description": "",
											"type": "EXCHANGE"
										},
										{
											"amounts": [
												{
													"amount": 0,
													"currency": "EUR",
													"providerAmount": 0,
													"providerCurrency": "EUR",
													"remark": ""
												}
											],
											"description": "",
											"type": "CANCEL"
										},
										{
											"amounts": [
												{
													"amount": 0,
													"currency": "EUR",
													"providerAmount": 0,
													"providerCurrency": "EUR",
													"remark": ""
												}
											],
											"description": "",
											"type": "CANCEL"
										},
										{
											"amounts": [
												{
													"amount": 0,
													"currency": "EUR",
													"providerAmount": 0,
													"providerCurrency": "EUR",
													"remark": ""
												}
											],
											"description": "",
											"type": "CANCEL"
										}
									]
								}
							],
							"generalClassCode": "",
							"refs": ""
						},
						"duration": "PT1H50M",
						"seatsLeft": "",
						"segmentType": "HK",
						"stopQuantity": "0"
					},
					"equipment": {
						"aircraftCode": "320",
						"name": "Airbus A320 jet"
					},
					"flightNumber": "BA0905",
					"marketingCarrier": {
						"airlineID": "BA",
						"flightNumber": "0905",
						"name": "British Airways"
					},
					"operatingCarrier": {
						"airlineID": "BA",
						"flightNumber": "0905",
						"name": "British Airways"
					},
					"originDestination": {
						"arrival": {
							"airportCode": "LHR",
							"airportName": "Heathrow (London) Airport",
							"countryID": "",
							"date": "2021-09-10",
							"parentLocation": "",
							"terminalName": "5",
							"time": "15:25"
						},
						"departure": {
							"airportCode": "FRA",
							"airportName": "Frankfurt Airport",
							"countryID": "",
							"date": "2021-09-10",
							"parentLocation": "",
							"terminalName": "2",
							"time": "14:35"
						}
					},
					"segmentID": "FS1"
				}
			]
		}
	],
	"formOfPayment": "None",
	"id": "AGW-W86VP9T3YV",
	"orderID": "TQIV43",
	"passengers": [
		{
			"data": {
				"address": {
					"cityName": "Saint-Petersburg",
					"countryCode": "RU",
					"postalCode": "197373",
					"street": "Test"
				},
				"birthdate": "2001-09-17",
				"email": "SMITH@AIRGATEWAY.NET",
				"fqtvInfo": {
					"account": {
						"number": ""
					},
					"airlineID": ""
				},
				"gender": "Female",
				"name": "DIAMOND",
				"phone": "34666123123",
				"residenceCountryCode": "",
				"surname": "SONDERLING",
				"title": "MRS"
			},
			"document": {
				"birthCountry": "",
				"documentID": "115233245A",
				"documentType": "PP",
				"expirationDate": "2022-04-07",
				"issueDate": "",
				"residenceCountry": ""
			},
			"infantReference": "",
			"passengerType": "ADT",
			"travelerReference": "T2"
		}
	],
	"paymentTimeLimit": "2021-08-13 23:59",
	"pnr": "TQIV43",
	"price": {
		"consumer": {
			"base": 9,
			"breakdown": [
				{
					"base": 9,
					"offerItemID": "",
					"passengerRefs": "T2",
					"passengerType": "ADT",
					"surcharge": 0,
					"tax": {
						"breakdown": [
							{
								"code": "OY",
								"currency": "EUR",
								"description": "",
								"total": 12.88
							},
							{
								"code": "DE",
								"currency": "EUR",
								"description": "",
								"total": 9.95
							},
							{
								"code": "RA",
								"currency": "EUR",
								"description": "",
								"total": 31.74
							}
						],
						"total": 54.57
					}
				}
			],
			"currency": "EUR",
			"tax": {
				"breakdown": [
					{
						"code": "OY",
						"currency": "EUR",
						"description": "",
						"total": 12.88
					},
					{
						"code": "DE",
						"currency": "EUR",
						"description": "",
						"total": 9.95
					},
					{
						"code": "RA",
						"currency": "EUR",
						"description": "",
						"total": 31.74
					}
				],
				"total": 54.57
			},
			"total": 63.57
		},
		"provider": {
			"base": 9,
			"breakdown": [
				{
					"base": 9,
					"offerItemID": "",
					"passengerRefs": "T2",
					"passengerType": "ADT",
					"surcharge": 0,
					"tax": {
						"breakdown": [
							{
								"code": "OY",
								"currency": "EUR",
								"description": "",
								"total": 12.88
							},
							{
								"code": "DE",
								"currency": "EUR",
								"description": "",
								"total": 9.95
							},
							{
								"code": "RA",
								"currency": "EUR",
								"description": "",
								"total": 31.74
							}
						],
						"total": 54.57
					}
				}
			],
			"currency": "EUR",
			"tax": {
				"breakdown": [
					{
						"code": "OY",
						"currency": "EUR",
						"description": "",
						"total": 12.88
					},
					{
						"code": "DE",
						"currency": "EUR",
						"description": "",
						"total": 9.95
					},
					{
						"code": "RA",
						"currency": "EUR",
						"description": "",
						"total": 31.74
					}
				],
				"total": 54.57
			},
			"total": 63.57
		}
	},
	"readyToTicketIssue": true,
	"status": "Pending"
}