{
	"allowedPaymentMethods": {
		"agencyCard": false,
		"agencyCash": false,
		"card": true,
		"none": true
	},
	"allowedRequests": {
		"OrderCreateWithPayment": true,
		"SeatAvailability": true,
		"ServiceList": true
	},
	"createdAt": 1630562917,
	"disclosures": [
		{
			"descriptions": [
				{
					"category": "BAGGAGE_CARRYON",
					"item": "BAGGAGE_CARRYON",
					"media": {},
					"originDestinationReference": "Flight1",
					"properties": [
						{
							"UOM": "CM",
							"type": "Length",
							"value": "56"
						},
						{
							"UOM": "CM",
							"type": "Height",
							"value": "45"
						},
						{
							"UOM": "CM",
							"type": "Widht",
							"value": "25"
						},
						{
							"UOM": "IN",
							"type": "Length",
							"value": "22"
						},
						{
							"UOM": "IN",
							"type": "Height",
							"value": "18"
						},
						{
							"UOM": "IN",
							"type": "Widht",
							"value": "10"
						}
					],
					"text": "1 handbag/laptop bag per person Up to 56cm x 45cm x 25cm/22in x 18in x 10in."
				},
				{
					"category": "BAGGAGE_CARRYON",
					"item": "BAGGAGE_CARRYON",
					"media": {},
					"originDestinationReference": "Flight1",
					"properties": [
						{
							"UOM": "CM",
							"type": "Length",
							"value": "40"
						},
						{
							"UOM": "CM",
							"type": "Height",
							"value": "30"
						},
						{
							"UOM": "CM",
							"type": "Widht",
							"value": "15"
						},
						{
							"UOM": "IN",
							"type": "Length",
							"value": "16"
						},
						{
							"UOM": "IN",
							"type": "Height",
							"value": "12"
						},
						{
							"UOM": "IN",
							"type": "Widht",
							"value": "6"
						}
					],
					"text": "To be placed under the seat in front of you*. Up to 40cm x 30cm x 15cm/16in x 12in x 6in."
				},
				{
					"category": "BAGGAGE_CARRYON",
					"item": "BAGGAGE_CARRYON",
					"media": {},
					"originDestinationReference": "Flight1",
					"text": "Plus 1 additional cabin bag per person "
				},
				{
					"category": "BAGGAGE_CARRYON",
					"item": "BAGGAGE_CARRYON",
					"media": {},
					"originDestinationReference": "Flight1",
					"text": "You must be able to lift your bag unaided into the overhead locker*. "
				},
				{
					"category": "BAGGAGE_CARRYON",
					"item": "BAGGAGE_CARRYON",
					"media": {},
					"originDestinationReference": "Flight1",
					"text": "Allowances for children and infants "
				},
				{
					"category": "BAGGAGE_CARRYON",
					"item": "BAGGAGE_CARRYON",
					"media": {},
					"originDestinationReference": "Flight1",
					"text": "In addition to their baggage allowance infants and children, up to age 11, can also take one fully collapsible pushchair (stroller) and one car seat. "
				},
				{
					"category": "BAGGAGE_CARRYON",
					"item": "BAGGAGE_CARRYON",
					"media": {},
					"originDestinationReference": "Flight1",
					"text": "Different hand baggage allowances and restrictions may apply on other airlines.  "
				},
				{
					"category": "BAGGAGE_CARRYON",
					"item": "BAGGAGE_CARRYON",
					"media": {},
					"originDestinationReference": "Flight1",
					"text": "Please see the operating airline's website for information. "
				},
				{
					"category": "BAGGAGE_CARRYON",
					"item": "BAGGAGE_CARRYON",
					"media": {
						"link": "www.britishairways.com/travel/baggag/public/en_gb?link=main_nav"
					},
					"originDestinationReference": "Flight1",
					"text": "British Airways "
				},
				{
					"category": "BAGGAGE_CHECKED",
					"item": "BAGGAGE_CHECKED",
					"media": {},
					"originDestinationReference": "Flight1",
					"text": "For flights on British Airways, there are restrictions on what you can pack, how heavy your bags can be and on the dimensions of your bags. You may be charged for any overweight or extra bags. "
				},
				{
					"category": "BAGGAGE_CHECKED",
					"item": "BAGGAGE_CHECKED",
					"media": {},
					"originDestinationReference": "Flight1",
					"text": "Different checked baggage charges and restrictions may apply on other airlines. Please see the operating airline's website for information. "
				},
				{
					"category": "BAGGAGE_CHECKED",
					"item": "BAGGAGE_CHECKED",
					"media": {
						"link": "www.britishairways.com/travel/baggag/public/en_gb?link=main_nav"
					},
					"originDestinationReference": "Flight1",
					"text": "British Airways "
				},
				{
					"category": "BAGGAGE_CHECKED",
					"item": "BAGGAGE_CHECKED",
					"media": {
						"link": "www.britishairways.com/main/baggag/EN_GB"
					},
					"originDestinationReference": "Flight1",
					"text": "Baggage essentials "
				},
				{
					"category": "BAGGAGE_CHECKED",
					"item": "BAGGAGE_CHECKED",
					"media": {
						"link": "http://www.britishairways.com/cms/global/pdfs/Forbidden_Items_List.pdf"
					},
					"originDestinationReference": "Flight1",
					"text": "restrictions on what you can pack "
				},
				{
					"category": "BAGGAGE_CHECKED",
					"item": "BAGGAGE_CHECKED",
					"media": {
						"link": "www.britishairways.com/main/bagchk/EN_GB"
					},
					"originDestinationReference": "Flight1",
					"text": "Baggage allowances and charges "
				}
			],
			"listKey": "HANDBAGOD1_CKBAGOD1_CKBAGOD1OFFER2_"
		}
	],
	"flights": [
		{
			"arrival": {
				"airportCode": "FRA",
				"airportName": "Frankfurt Airport",
				"countryID": "",
				"date": "2021-10-07",
				"parentLocation": "",
				"terminalName": "2",
				"time": "17:25"
			},
			"baggageAllowance": {
				"carryOn": [
					{
						"chooseType": "many",
						"options": [
							{
								"properties": [
									{
										"UOM": "CM",
										"type": "Length",
										"value": "40.00"
									},
									{
										"UOM": "CM",
										"type": "Width",
										"value": "30.00"
									},
									{
										"UOM": "CM",
										"type": "Height",
										"value": "15.00"
									},
									{
										"UOM": "IN",
										"type": "Length",
										"value": "16.00"
									},
									{
										"UOM": "IN",
										"type": "Width",
										"value": "12.00"
									},
									{
										"UOM": "IN",
										"type": "Height",
										"value": "6.00"
									}
								],
								"quantity": 1,
								"text": "1 briefcase, laptop or handbag"
							},
							{
								"properties": [
									{
										"UOM": "CM",
										"type": "Length",
										"value": "56.00"
									},
									{
										"UOM": "CM",
										"type": "Width",
										"value": "45.00"
									},
									{
										"UOM": "CM",
										"type": "Height",
										"value": "25.00"
									},
									{
										"UOM": "IN",
										"type": "Length",
										"value": "22.00"
									},
									{
										"UOM": "IN",
										"type": "Width",
										"value": "18.00"
									},
									{
										"UOM": "IN",
										"type": "Height",
										"value": "10.00"
									}
								],
								"quantity": 1,
								"text": "1 carry on bag"
							}
						],
						"passengerRefs": "ADT0 ADT1 CHD0"
					}
				],
				"checked": [
					{
						"chooseType": "one",
						"options": [
							{
								"properties": [
									{
										"UOM": "KG",
										"type": "Weight",
										"value": "23"
									},
									{
										"UOM": "LB",
										"type": "Weight",
										"value": "51"
									}
								],
								"quantity": 1,
								"text": "1 checked bag"
							}
						],
						"passengerRefs": "ADT0 ADT1 CHD0"
					}
				]
			},
			"departure": {
				"airportCode": "LCY",
				"airportName": "City Airport (London) Airport",
				"countryID": "",
				"date": "2021-10-07",
				"parentLocation": "",
				"terminalName": "",
				"time": "14:55"
			},
			"duration": "PT01H30M",
			"key": "Flight1",
			"segments": [
				{
					"ODRef": "OD1",
					"detail": {
						"classOfService": {
							"cabinDesignator": "ECONOMY",
							"code": "O",
							"fare": {
								"basisCode": "OPV2YO/Y",
								"cabin": "2",
								"code": "70J",
								"marketingName": "Euro Traveller",
								"priceClassName": "Euro Traveller",
								"standardName": "SemiFlex",
								"type": "Published"
							},
							"fareRules": [
								{
									"cancel": "Not Allowed",
									"change": "For Fee",
									"passengerRef": "ADT0 ADT1",
									"passengerType": "ADT",
									"penalties": [
										{
											"amounts": [
												{
													"amount": 70,
													"currency": "EUR",
													"providerAmount": 70,
													"providerCurrency": "EUR",
													"remark": ""
												}
											],
											"description": "Time/date changes permitted at any time before each flight departure for a change fee of EUR 70.00 or an upgrade fee of EUR 70.00 plus any difference in fare. All sectors may be repriced. Changes subject to availability. Fees apply per ticket",
											"type": "EXCHANGE"
										},
										{
											"amounts": [
												{
													"amount": 70,
													"currency": "EUR",
													"providerAmount": 70,
													"providerCurrency": "EUR",
													"remark": ""
												}
											],
											"description": "Time/date changes permitted at any time before each flight departure for a change fee of EUR 70.00 or an upgrade fee of EUR 70.00 plus any difference in fare. All sectors may be repriced. Changes subject to availability. Fees apply per ticket",
											"type": "UPGRADE"
										},
										{
											"amounts": [
												{
													"amount": 0,
													"currency": "EUR",
													"providerAmount": 0,
													"providerCurrency": "EUR",
													"remark": ""
												}
											],
											"description": "There are no refunds except for any government and airport taxes.",
											"type": "CANCEL"
										}
									]
								},
								{
									"cancel": "Not Allowed",
									"change": "For Fee",
									"passengerRef": "CHD0",
									"passengerType": "CHD",
									"penalties": [
										{
											"amounts": [
												{
													"amount": 70,
													"currency": "EUR",
													"providerAmount": 70,
													"providerCurrency": "EUR",
													"remark": ""
												}
											],
											"description": "Time/date changes permitted at any time before each flight departure for a change fee of EUR 70.00 or an upgrade fee of EUR 70.00 plus any difference in fare. All sectors may be repriced. Changes subject to availability. Fees apply per ticket",
											"type": "EXCHANGE"
										},
										{
											"amounts": [
												{
													"amount": 70,
													"currency": "EUR",
													"providerAmount": 70,
													"providerCurrency": "EUR",
													"remark": ""
												}
											],
											"description": "Time/date changes permitted at any time before each flight departure for a change fee of EUR 70.00 or an upgrade fee of EUR 70.00 plus any difference in fare. All sectors may be repriced. Changes subject to availability. Fees apply per ticket",
											"type": "UPGRADE"
										},
										{
											"amounts": [
												{
													"amount": 0,
													"currency": "EUR",
													"providerAmount": 0,
													"providerCurrency": "EUR",
													"remark": ""
												}
											],
											"description": "There are no refunds except for any government and airport taxes.",
											"type": "CANCEL"
										}
									]
								}
							],
							"refs": ""
						},
						"duration": "PT1H30M",
						"segmentType": "HK",
						"stopQuantity": "0"
					},
					"equipment": {
						"aircraftCode": "E90",
						"name": "Embraer E190SR"
					},
					"flightNumber": "BA8734",
					"marketingCarrier": {
						"airlineID": "BA",
						"flightNumber": "8734",
						"name": "British Airways"
					},
					"operatingCarrier": {
						"airlineID": "CJ",
						"flightNumber": "8734",
						"name": "BA CITYFLYER"
					},
					"originDestination": {
						"arrival": {
							"airportCode": "FRA",
							"airportName": "Frankfurt Airport",
							"countryID": "",
							"date": "2021-10-07",
							"parentLocation": "",
							"terminalName": "2",
							"time": "17:25"
						},
						"departure": {
							"airportCode": "LCY",
							"airportName": "City Airport (London) Airport",
							"countryID": "",
							"date": "2021-10-07",
							"parentLocation": "",
							"terminalName": "",
							"time": "14:55"
						}
					},
					"segmentID": "BA8734"
				}
			]
		}
	],
	"offerExpiration": "2021-09-02T06:38:53",
	"owner": "BA",
	"passengers": [
		{
			"infantReference": "",
			"passengerType": "ADT",
			"travelerReference": "ADT0"
		},
		{
			"infantReference": "",
			"passengerType": "ADT",
			"travelerReference": "ADT1"
		},
		{
			"infantReference": "",
			"passengerType": "CHD",
			"travelerReference": "CHD0"
		}
	],
	"paymentTimeLimit": "2021-09-05T23:59:00Z",
	"price": {
		"consumer": {
			"base": 78,
			"breakdown": [
				{
					"base": 26,
					"offerItemID": "OF-a52c7e71-1d01-460d-bd4a-89673dd3ae75-OI-1",
					"passengerRefs": "ADT0 ADT1",
					"passengerType": "ADT",
					"tax": {
						"breakdown": [
							{
								"code": "GB",
								"currency": "EUR",
								"description": "Air Passenger Duty - United Kingdom",
								"total": 15.18
							},
							{
								"code": "UB",
								"currency": "EUR",
								"description": "Passenger Service Charge - United Kingdom",
								"total": 44.05
							}
						],
						"total": 59.23
					}
				},
				{
					"base": 26,
					"offerItemID": "OF-a52c7e71-1d01-460d-bd4a-89673dd3ae75-OI-2",
					"passengerRefs": "CHD0",
					"passengerType": "CHD",
					"tax": {
						"breakdown": [
							{
								"code": "UB",
								"currency": "EUR",
								"description": "Passenger Service Charge - United Kingdom",
								"total": 44.05
							}
						],
						"total": 44.05
					}
				}
			],
			"currency": "EUR",
			"tax": {
				"breakdown": [
					{
						"code": "GB",
						"currency": "EUR",
						"description": "Air Passenger Duty - United Kingdom",
						"total": 30.36
					},
					{
						"code": "UB",
						"currency": "EUR",
						"description": "Passenger Service Charge - United Kingdom",
						"total": 132.15
					}
				],
				"total": 162.51
			},
			"total": 240.51
		},
		"provider": {
			"base": 78,
			"breakdown": [
				{
					"base": 26,
					"offerItemID": "OF-a52c7e71-1d01-460d-bd4a-89673dd3ae75-OI-1",
					"passengerRefs": "ADT0 ADT1",
					"passengerType": "ADT",
					"tax": {
						"breakdown": [
							{
								"code": "GB",
								"currency": "EUR",
								"description": "Air Passenger Duty - United Kingdom",
								"total": 15.18
							},
							{
								"code": "UB",
								"currency": "EUR",
								"description": "Passenger Service Charge - United Kingdom",
								"total": 44.05
							}
						],
						"total": 59.23
					}
				},
				{
					"base": 26,
					"offerItemID": "OF-a52c7e71-1d01-460d-bd4a-89673dd3ae75-OI-2",
					"passengerRefs": "CHD0",
					"passengerType": "CHD",
					"tax": {
						"breakdown": [
							{
								"code": "UB",
								"currency": "EUR",
								"description": "Passenger Service Charge - United Kingdom",
								"total": 44.05
							}
						],
						"total": 44.05
					}
				}
			],
			"currency": "EUR",
			"tax": {
				"breakdown": [
					{
						"code": "GB",
						"currency": "EUR",
						"description": "Air Passenger Duty - United Kingdom",
						"total": 30.36
					},
					{
						"code": "UB",
						"currency": "EUR",
						"description": "Passenger Service Charge - United Kingdom",
						"total": 132.15
					}
				],
				"total": 162.51
			},
			"total": 240.51
		}
	},
	"shoppingResponseID": "F55MN3OZEDHV4RMYOI5562RO15ROI0USXCL8CGL8N1QTY0B583OFWGUS01HLIJ5O",
	"warnings": [
		{
			"severity": "warning",
			"text": "msg: Allowed forms of payment for these offer(s) - Cash and Card",
			"timestamp": "2021-09-02T06:08:52.643421113Z",
			"type": "OfferPrice"
		},
		{
			"severity": "warning",
			"text": "msg: Paid ancillary seat prices are not guaranteed and may change during post sale",
			"timestamp": "2021-09-02T06:08:52.643421673Z",
			"type": "OfferPrice"
		}
	]
}