{
	"agency": "airgateway",
	"agencyData": {
		"countryCode": "",
		"iataCode": "12345675"
	},
	"allowedRequests": {
		"pending": {
			"OrderCancel": false,
			"OrderReprice": false,
			"OrderSplit": false,
			"SeatAvailability": true,
			"ServiceList": true,
			"TicketIssue": true
		},
		"started": {
			"OrderCancel": false,
			"OrderReshop": false,
			"OrderReshopRefund": false
		},
		"ticketed": {
			"OrderCancel": true,
			"OrderReshop": true,
			"OrderReshopRefund": true,
			"OrderReshopRouteChange": false,
			"OrderSplit": false,
			"OrderVoid": false,
			"SeatAvailability": true,
			"ServiceList": true
		}
	},
	"approvalStatus": "",
	"bookingReference": {
		"airlineID": "AF",
		"id": "VQKE3I",
		"otherID": "AF"
	},
	"disclosures": [
		{
			"descriptions": [
				{
					"category": "SEAT",
					"item": "SEAT",
					"media": {
						"id": "",
						"link": ""
					},
					"metadataToken": "",
					"originDestinationReference": "",
					"text": "This is a comfortable standard Economy seat.",
					"units": ""
				},
				{
					"category": "SERVICE",
					"item": "SERVICE",
					"media": {
						"id": "",
						"link": ""
					},
					"metadataToken": "",
					"originDestinationReference": "",
					"text": "Download your favorite digital press onto your tablet or mobile free of charge, starting from 30 hours before your flight",
					"units": ""
				},
				{
					"category": "SEAT",
					"item": "SEAT_SPACE",
					"media": {
						"id": "",
						"link": ""
					},
					"metadataToken": "",
					"originDestinationReference": "",
					"text": "Seats are arranged in rows of 2?x?3 seats, separated by 1?aisle.",
					"units": ""
				}
			],
			"listKey": "DC3"
		},
		{
			"descriptions": [
				{
					"category": "SEAT",
					"item": "SEAT",
					"media": {
						"id": "",
						"link": ""
					},
					"metadataToken": "",
					"originDestinationReference": "",
					"text": "This is a comfortable standard Economy seat.",
					"units": ""
				},
				{
					"category": "SERVICE",
					"item": "SERVICE",
					"media": {
						"id": "",
						"link": ""
					},
					"metadataToken": "",
					"originDestinationReference": "",
					"text": "Download your favorite digital press onto your tablet or mobile free of charge, starting from 30 hours before your flight",
					"units": ""
				},
				{
					"category": "SEAT",
					"item": "SEAT_SPACE",
					"media": {
						"id": "",
						"link": ""
					},
					"metadataToken": "",
					"originDestinationReference": "",
					"text": "Seats are arranged in rows of 2?x?3 seats, separated by 1?aisle.",
					"units": ""
				}
			],
			"listKey": "DC3"
		},
		{
			"descriptions": [
				{
					"category": "SEAT",
					"item": "SEAT",
					"media": {
						"id": "",
						"link": ""
					},
					"metadataToken": "",
					"originDestinationReference": "",
					"text": "This is a comfortable standard Economy seat.",
					"units": ""
				},
				{
					"category": "SERVICE",
					"item": "SERVICE",
					"media": {
						"id": "",
						"link": ""
					},
					"metadataToken": "",
					"originDestinationReference": "",
					"text": "Download your favorite digital press onto your tablet or mobile free of charge, starting from 30 hours before your flight",
					"units": ""
				},
				{
					"category": "SERVICE",
					"item": "SERVICE",
					"media": {
						"id": "",
						"link": ""
					},
					"metadataToken": "",
					"originDestinationReference": "",
					"text": "A USB port is available for your seat to make your journey easier.",
					"units": ""
				},
				{
					"category": "SEAT",
					"item": "SEAT_SPACE",
					"media": {
						"id": "",
						"link": ""
					},
					"metadataToken": "",
					"originDestinationReference": "",
					"text": "Seats are arranged in rows of 2?x?3 seats, separated by 1?aisle.",
					"units": ""
				}
			],
			"listKey": "DC3"
		}
	],
	"externalOrderID": "AF057U203AC27",
	"flights": [
		{
			"arrival": {
				"airportCode": "CDG",
				"airportName": "",
				"date": "2021-09-03",
				"terminalName": "2F",
				"time": "22:05"
			},
			"baggageAllowance": {
				"carryOn": [
					{
						"chooseType": "one",
						"options": [
							{
								"properties": [
									{
										"UOM": "CM",
										"type": "Height",
										"value": "35.0"
									},
									{
										"UOM": "CM",
										"type": "Widht",
										"value": "25.0"
									},
									{
										"UOM": "CM",
										"type": "Length",
										"value": "55.0"
									},
									{
										"UOM": "CM",
										"type": "Total Linear",
										"value": "115.0"
									},
									{
										"UOM": "IN",
										"type": "Height",
										"value": "14.0"
									},
									{
										"UOM": "IN",
										"type": "Widht",
										"value": "10.0"
									},
									{
										"UOM": "IN",
										"type": "Length",
										"value": "22.0"
									},
									{
										"UOM": "IN",
										"type": "Total Linear",
										"value": "46.0"
									},
									{
										"UOM": "KG",
										"type": "Weight",
										"value": "12.0"
									},
									{
										"UOM": "LB",
										"type": "Weight",
										"value": "26.0"
									}
								],
								"quantity": 1,
								"text": "1 CarryOn bag"
							}
						],
						"passengerRefs": "PAX1 PAX2"
					}
				],
				"checked": [
					{
						"chooseType": "one",
						"options": [
							{
								"quantity": 0,
								"text": "Checked bag not included"
							}
						],
						"passengerRefs": "PAX1 PAX2"
					}
				]
			},
			"departure": {
				"airportCode": "NCE",
				"airportName": "",
				"date": "2021-09-03",
				"terminalName": "2",
				"time": "20:30"
			},
			"duration": "PT01H35M",
			"key": "PJ1",
			"segments": [
				{
					"ODRef": "",
					"detail": {
						"classOfService": {
							"cabinDesignator": "ECONOMY",
							"code": "M",
							"disclosureRefs": [
								""
							],
							"fare": {
								"basisCode": "VS50MALG",
								"cabin": "",
								"code": "",
								"marketingName": "ECONOMY",
								"priceClassName": "Light",
								"standardName": "",
								"type": "Published"
							},
							"fareRules": [
								{
									"cancel": "Not Allowed",
									"change": "For Fee",
									"passengerRef": "PAX1",
									"passengerType": "ADT",
									"penalties": [
										{
											"amounts": [
												{
													"amount": 0,
													"currency": "EUR",
													"providerAmount": 0,
													"providerCurrency": "EUR",
													"remark": "NoShow"
												}
											],
											"description": "NoShow is not authorized in case of no show",
											"type": "NoShow"
										},
										{
											"amounts": [
												{
													"amount": 0,
													"currency": "EUR",
													"providerAmount": 0,
													"providerCurrency": "EUR",
													"remark": "Cancellation"
												}
											],
											"description": "Cancellation is not authorized before departure",
											"type": "Cancellation"
										},
										{
											"amounts": [
												{
													"amount": 0,
													"currency": "EUR",
													"providerAmount": 0,
													"providerCurrency": "EUR",
													"remark": "Cancellation"
												}
											],
											"description": "Cancellation is not authorized after departure",
											"type": "Cancellation"
										},
										{
											"amounts": [
												{
													"amount": 0,
													"currency": "EUR",
													"providerAmount": 0,
													"providerCurrency": "EUR",
													"remark": "Change"
												}
											],
											"description": "Change before departure is allowed without any penalty",
											"type": "Change"
										},
										{
											"amounts": [
												{
													"amount": 0,
													"currency": "EUR",
													"providerAmount": 0,
													"providerCurrency": "EUR",
													"remark": "Change"
												}
											],
											"description": "Change after departure is allowed without any penalty",
											"type": "Change"
										}
									]
								},
								{
									"cancel": "Not Allowed",
									"change": "For Fee",
									"passengerRef": "PAX2",
									"passengerType": "CHD",
									"penalties": [
										{
											"amounts": [
												{
													"amount": 0,
													"currency": "EUR",
													"providerAmount": 0,
													"providerCurrency": "EUR",
													"remark": "NoShow"
												}
											],
											"description": "NoShow is not authorized in case of no show",
											"type": "NoShow"
										},
										{
											"amounts": [
												{
													"amount": 0,
													"currency": "EUR",
													"providerAmount": 0,
													"providerCurrency": "EUR",
													"remark": "Cancellation"
												}
											],
											"description": "Cancellation is not authorized before departure",
											"type": "Cancellation"
										},
										{
											"amounts": [
												{
													"amount": 0,
													"currency": "EUR",
													"providerAmount": 0,
													"providerCurrency": "EUR",
													"remark": "Cancellation"
												}
											],
											"description": "Cancellation is not authorized after departure",
											"type": "Cancellation"
										},
										{
											"amounts": [
												{
													"amount": 0,
													"currency": "EUR",
													"providerAmount": 0,
													"providerCurrency": "EUR",
													"remark": "Change"
												}
											],
											"description": "Change before departure is allowed without any penalty",
											"type": "Change"
										},
										{
											"amounts": [
												{
													"amount": 0,
													"currency": "EUR",
													"providerAmount": 0,
													"providerCurrency": "EUR",
													"remark": "Change"
												}
											],
											"description": "Change after departure is allowed without any penalty",
											"type": "Change"
										}
									]
								}
							],
							"generalClassCode": "",
							"refs": ""
						},
						"duration": "",
						"seatsLeft": "",
						"segmentType": "HK",
						"stopQuantity": "0"
					},
					"equipment": {
						"aircraftCode": "",
						"name": ""
					},
					"flightNumber": "AF7715",
					"marketingCarrier": {
						"airlineID": "AF",
						"flightNumber": "7715",
						"name": "AIR FRANCE"
					},
					"operatingCarrier": {
						"airlineID": "AF",
						"flightNumber": "7715",
						"name": "AIR FRANCE"
					},
					"originDestination": {
						"arrival": {
							"airportCode": "CDG",
							"airportName": "",
							"countryID": "",
							"date": "2021-09-03",
							"parentLocation": "",
							"terminalName": "2F",
							"time": "22:05"
						},
						"departure": {
							"airportCode": "NCE",
							"airportName": "",
							"countryID": "",
							"date": "2021-09-03",
							"parentLocation": "",
							"terminalName": "2",
							"time": "20:30"
						}
					},
					"segmentID": "SEG1"
				}
			]
		},
		{
			"arrival": {
				"airportCode": "NCE",
				"airportName": "",
				"date": "2021-09-10",
				"terminalName": "2",
				"time": "17:20"
			},
			"baggageAllowance": {
				"carryOn": [
					{
						"chooseType": "one",
						"options": [
							{
								"properties": [
									{
										"UOM": "CM",
										"type": "Height",
										"value": "35.0"
									},
									{
										"UOM": "CM",
										"type": "Widht",
										"value": "25.0"
									},
									{
										"UOM": "CM",
										"type": "Length",
										"value": "55.0"
									},
									{
										"UOM": "CM",
										"type": "Total Linear",
										"value": "115.0"
									},
									{
										"UOM": "IN",
										"type": "Height",
										"value": "14.0"
									},
									{
										"UOM": "IN",
										"type": "Widht",
										"value": "10.0"
									},
									{
										"UOM": "IN",
										"type": "Length",
										"value": "22.0"
									},
									{
										"UOM": "IN",
										"type": "Total Linear",
										"value": "46.0"
									},
									{
										"UOM": "KG",
										"type": "Weight",
										"value": "12.0"
									},
									{
										"UOM": "LB",
										"type": "Weight",
										"value": "26.0"
									}
								],
								"quantity": 1,
								"text": "1 CarryOn bag"
							}
						],
						"passengerRefs": "PAX1 PAX2"
					}
				],
				"checked": [
					{
						"chooseType": "one",
						"options": [
							{
								"quantity": 0,
								"text": "Checked bag not included"
							}
						],
						"passengerRefs": "PAX1 PAX2"
					}
				]
			},
			"departure": {
				"airportCode": "CDG",
				"airportName": "",
				"date": "2021-09-10",
				"terminalName": "2F",
				"time": "12:25"
			},
			"duration": "PT04H55M",
			"key": "PJ7",
			"segments": [
				{
					"ODRef": "",
					"detail": {
						"classOfService": {
							"cabinDesignator": "ECONOMY",
							"code": "M",
							"disclosureRefs": [
								""
							],
							"fare": {
								"basisCode": "RS50MALG",
								"cabin": "",
								"code": "",
								"marketingName": "ECONOMY",
								"priceClassName": "Light",
								"standardName": "",
								"type": "Published"
							},
							"fareRules": [
								{
									"cancel": "Not Allowed",
									"change": "For Fee",
									"passengerRef": "PAX1",
									"passengerType": "ADT",
									"penalties": [
										{
											"amounts": [
												{
													"amount": 0,
													"currency": "EUR",
													"providerAmount": 0,
													"providerCurrency": "EUR",
													"remark": "NoShow"
												}
											],
											"description": "NoShow is not authorized in case of no show",
											"type": "NoShow"
										},
										{
											"amounts": [
												{
													"amount": 0,
													"currency": "EUR",
													"providerAmount": 0,
													"providerCurrency": "EUR",
													"remark": "Cancellation"
												}
											],
											"description": "Cancellation is not authorized before departure",
											"type": "Cancellation"
										},
										{
											"amounts": [
												{
													"amount": 0,
													"currency": "EUR",
													"providerAmount": 0,
													"providerCurrency": "EUR",
													"remark": "Cancellation"
												}
											],
											"description": "Cancellation is not authorized after departure",
											"type": "Cancellation"
										},
										{
											"amounts": [
												{
													"amount": 0,
													"currency": "EUR",
													"providerAmount": 0,
													"providerCurrency": "EUR",
													"remark": "Change"
												}
											],
											"description": "Change before departure is allowed without any penalty",
											"type": "Change"
										},
										{
											"amounts": [
												{
													"amount": 0,
													"currency": "EUR",
													"providerAmount": 0,
													"providerCurrency": "EUR",
													"remark": "Change"
												}
											],
											"description": "Change after departure is allowed without any penalty",
											"type": "Change"
										}
									]
								},
								{
									"cancel": "Not Allowed",
									"change": "For Fee",
									"passengerRef": "PAX2",
									"passengerType": "CHD",
									"penalties": [
										{
											"amounts": [
												{
													"amount": 0,
													"currency": "EUR",
													"providerAmount": 0,
													"providerCurrency": "EUR",
													"remark": "NoShow"
												}
											],
											"description": "NoShow is not authorized in case of no show",
											"type": "NoShow"
										},
										{
											"amounts": [
												{
													"amount": 0,
													"currency": "EUR",
													"providerAmount": 0,
													"providerCurrency": "EUR",
													"remark": "Cancellation"
												}
											],
											"description": "Cancellation is not authorized before departure",
											"type": "Cancellation"
										},
										{
											"amounts": [
												{
													"amount": 0,
													"currency": "EUR",
													"providerAmount": 0,
													"providerCurrency": "EUR",
													"remark": "Cancellation"
												}
											],
											"description": "Cancellation is not authorized after departure",
											"type": "Cancellation"
										},
										{
											"amounts": [
												{
													"amount": 0,
													"currency": "EUR",
													"providerAmount": 0,
													"providerCurrency": "EUR",
													"remark": "Change"
												}
											],
											"description": "Change before departure is allowed without any penalty",
											"type": "Change"
										},
										{
											"amounts": [
												{
													"amount": 0,
													"currency": "EUR",
													"providerAmount": 0,
													"providerCurrency": "EUR",
													"remark": "Change"
												}
											],
											"description": "Change after departure is allowed without any penalty",
											"type": "Change"
										}
									]
								}
							],
							"generalClassCode": "",
							"refs": ""
						},
						"duration": "",
						"seatsLeft": "",
						"segmentType": "HK",
						"stopQuantity": "0"
					},
					"equipment": {
						"aircraftCode": "",
						"name": ""
					},
					"flightNumber": "AF7652",
					"marketingCarrier": {
						"airlineID": "AF",
						"flightNumber": "7652",
						"name": "AIR FRANCE"
					},
					"operatingCarrier": {
						"airlineID": "AF",
						"flightNumber": "7652",
						"name": "AIR FRANCE"
					},
					"originDestination": {
						"arrival": {
							"airportCode": "LYS",
							"airportName": "",
							"countryID": "",
							"date": "2021-09-10",
							"parentLocation": "",
							"terminalName": "2",
							"time": "13:35"
						},
						"departure": {
							"airportCode": "CDG",
							"airportName": "",
							"countryID": "",
							"date": "2021-09-10",
							"parentLocation": "",
							"terminalName": "2F",
							"time": "12:25"
						}
					},
					"segmentID": "SEG10"
				},
				{
					"ODRef": "",
					"detail": {
						"classOfService": {
							"cabinDesignator": "ECONOMY",
							"code": "M",
							"disclosureRefs": [
								""
							],
							"fare": {
								"basisCode": "RS50MALG",
								"cabin": "",
								"code": "",
								"marketingName": "ECONOMY",
								"priceClassName": "Light",
								"standardName": "",
								"type": "Published"
							},
							"fareRules": [
								{
									"cancel": "Not Allowed",
									"change": "For Fee",
									"passengerRef": "PAX1",
									"passengerType": "ADT",
									"penalties": [
										{
											"amounts": [
												{
													"amount": 0,
													"currency": "EUR",
													"providerAmount": 0,
													"providerCurrency": "EUR",
													"remark": "NoShow"
												}
											],
											"description": "NoShow is not authorized in case of no show",
											"type": "NoShow"
										},
										{
											"amounts": [
												{
													"amount": 0,
													"currency": "EUR",
													"providerAmount": 0,
													"providerCurrency": "EUR",
													"remark": "Cancellation"
												}
											],
											"description": "Cancellation is not authorized before departure",
											"type": "Cancellation"
										},
										{
											"amounts": [
												{
													"amount": 0,
													"currency": "EUR",
													"providerAmount": 0,
													"providerCurrency": "EUR",
													"remark": "Cancellation"
												}
											],
											"description": "Cancellation is not authorized after departure",
											"type": "Cancellation"
										},
										{
											"amounts": [
												{
													"amount": 0,
													"currency": "EUR",
													"providerAmount": 0,
													"providerCurrency": "EUR",
													"remark": "Change"
												}
											],
											"description": "Change before departure is allowed without any penalty",
											"type": "Change"
										},
										{
											"amounts": [
												{
													"amount": 0,
													"currency": "EUR",
													"providerAmount": 0,
													"providerCurrency": "EUR",
													"remark": "Change"
												}
											],
											"description": "Change after departure is allowed without any penalty",
											"type": "Change"
										}
									]
								},
								{
									"cancel": "Not Allowed",
									"change": "For Fee",
									"passengerRef": "PAX2",
									"passengerType": "CHD",
									"penalties": [
										{
											"amounts": [
												{
													"amount": 0,
													"currency": "EUR",
													"providerAmount": 0,
													"providerCurrency": "EUR",
													"remark": "NoShow"
												}
											],
											"description": "NoShow is not authorized in case of no show",
											"type": "NoShow"
										},
										{
											"amounts": [
												{
													"amount": 0,
													"currency": "EUR",
													"providerAmount": 0,
													"providerCurrency": "EUR",
													"remark": "Cancellation"
												}
											],
											"description": "Cancellation is not authorized before departure",
											"type": "Cancellation"
										},
										{
											"amounts": [
												{
													"amount": 0,
													"currency": "EUR",
													"providerAmount": 0,
													"providerCurrency": "EUR",
													"remark": "Cancellation"
												}
											],
											"description": "Cancellation is not authorized after departure",
											"type": "Cancellation"
										},
										{
											"amounts": [
												{
													"amount": 0,
													"currency": "EUR",
													"providerAmount": 0,
													"providerCurrency": "EUR",
													"remark": "Change"
												}
											],
											"description": "Change before departure is allowed without any penalty",
											"type": "Change"
										},
										{
											"amounts": [
												{
													"amount": 0,
													"currency": "EUR",
													"providerAmount": 0,
													"providerCurrency": "EUR",
													"remark": "Change"
												}
											],
											"description": "Change after departure is allowed without any penalty",
											"type": "Change"
										}
									]
								}
							],
							"generalClassCode": "",
							"refs": ""
						},
						"duration": "",
						"seatsLeft": "",
						"segmentType": "HK",
						"stopQuantity": "0"
					},
					"equipment": {
						"aircraftCode": "",
						"name": ""
					},
					"flightNumber": "AF1698",
					"marketingCarrier": {
						"airlineID": "AF",
						"flightNumber": "1698",
						"name": "AIR FRANCE"
					},
					"operatingCarrier": {
						"airlineID": "AF",
						"flightNumber": "1698",
						"name": "AIR FRANCE"
					},
					"originDestination": {
						"arrival": {
							"airportCode": "NCE",
							"airportName": "",
							"countryID": "",
							"date": "2021-09-10",
							"parentLocation": "",
							"terminalName": "2",
							"time": "17:20"
						},
						"departure": {
							"airportCode": "LYS",
							"airportName": "",
							"countryID": "",
							"date": "2021-09-10",
							"parentLocation": "",
							"terminalName": "2",
							"time": "16:25"
						}
					},
					"segmentID": "SEG11"
				}
			]
		}
	],
	"formOfPayment": "None",
	"id": "AGW-HCK2CH8N2H",
	"orderID": "AF057U203AC27",
	"passengers": [
		{
			"data": {
				"address": {
					"cityName": "Saint-Petersburg",
					"countryCode": "RU",
					"postalCode": "197373",
					"street": "Test"
				},
				"birthdate": "2001-02-18",
				"email": "smith@airgateway.net",
				"fqtvInfo": {
					"account": {
						"number": ""
					},
					"airlineID": ""
				},
				"gender": "Male",
				"name": "Carly",
				"phone": "34666123123",
				"residenceCountryCode": "",
				"surname": "Mccord",
				"title": "MR"
			},
			"document": {
				"birthCountry": "",
				"documentID": "115233245A",
				"documentType": "PP",
				"expirationDate": "2022-05-26",
				"issueDate": "",
				"residenceCountry": ""
			},
			"infantReference": "",
			"passengerType": "ADT",
			"travelerReference": "PAX1"
		},
		{
			"data": {
				"address": {
					"cityName": "",
					"countryCode": "",
					"postalCode": "",
					"street": ""
				},
				"birthdate": "2011-09-04",
				"email": "smith@airgateway.net",
				"fqtvInfo": {
					"account": {
						"number": ""
					},
					"airlineID": ""
				},
				"gender": "Male",
				"name": "Evelyn",
				"phone": "34666123123",
				"residenceCountryCode": "",
				"surname": "Schiebel",
				"title": "MR"
			},
			"document": {
				"birthCountry": "",
				"documentID": "115233236A",
				"documentType": "PP",
				"expirationDate": "2023-04-05",
				"issueDate": "",
				"residenceCountry": ""
			},
			"infantReference": "",
			"passengerType": "CHD",
			"travelerReference": "PAX2"
		}
	],
	"paymentTimeLimit": "2021-08-26 13:00",
	"pnr": "VQKE3I",
	"price": {
		"consumer": {
			"base": 180,
			"breakdown": [
				{
					"base": 100,
					"offerItemID": "",
					"passengerRefs": "PAX1",
					"passengerType": "ADT",
					"surcharge": 0,
					"tax": {
						"breakdown": [
							{
								"code": "QW",
								"currency": "EUR",
								"description": "",
								"total": 23.4
							},
							{
								"code": "FR",
								"currency": "EUR",
								"description": "",
								"total": 9.32
							},
							{
								"code": "O4",
								"currency": "EUR",
								"description": "",
								"total": 3
							},
							{
								"code": "UI",
								"currency": "EUR",
								"description": "",
								"total": 6.14
							},
							{
								"code": "FR",
								"currency": "EUR",
								"description": "",
								"total": 23.37
							},
							{
								"code": "IZ",
								"currency": "EUR",
								"description": "",
								"total": 2.26
							}
						],
						"total": 67.49
					}
				},
				{
					"base": 80,
					"offerItemID": "",
					"passengerRefs": "PAX2",
					"passengerType": "CHD",
					"surcharge": 0,
					"tax": {
						"breakdown": [
							{
								"code": "QW",
								"currency": "EUR",
								"description": "",
								"total": 23.4
							},
							{
								"code": "FR",
								"currency": "EUR",
								"description": "",
								"total": 9.32
							},
							{
								"code": "O4",
								"currency": "EUR",
								"description": "",
								"total": 3
							},
							{
								"code": "UI",
								"currency": "EUR",
								"description": "",
								"total": 6.14
							},
							{
								"code": "FR",
								"currency": "EUR",
								"description": "",
								"total": 23.37
							},
							{
								"code": "IZ",
								"currency": "EUR",
								"description": "",
								"total": 2.26
							}
						],
						"total": 67.49
					}
				}
			],
			"currency": "EUR",
			"tax": {
				"breakdown": [
					{
						"code": "QW",
						"currency": "EUR",
						"description": "",
						"total": 23.4
					},
					{
						"code": "FR",
						"currency": "EUR",
						"description": "",
						"total": 9.32
					},
					{
						"code": "O4",
						"currency": "EUR",
						"description": "",
						"total": 3
					},
					{
						"code": "UI",
						"currency": "EUR",
						"description": "",
						"total": 6.14
					},
					{
						"code": "FR",
						"currency": "EUR",
						"description": "",
						"total": 23.37
					},
					{
						"code": "IZ",
						"currency": "EUR",
						"description": "",
						"total": 2.26
					},
					{
						"code": "QW",
						"currency": "EUR",
						"description": "",
						"total": 23.4
					},
					{
						"code": "FR",
						"currency": "EUR",
						"description": "",
						"total": 9.32
					},
					{
						"code": "O4",
						"currency": "EUR",
						"description": "",
						"total": 3
					},
					{
						"code": "UI",
						"currency": "EUR",
						"description": "",
						"total": 6.14
					},
					{
						"code": "FR",
						"currency": "EUR",
						"description": "",
						"total": 23.37
					},
					{
						"code": "IZ",
						"currency": "EUR",
						"description": "",
						"total": 2.26
					}
				],
				"total": 134.98
			},
			"total": 314.98
		},
		"provider": {
			"base": 180,
			"breakdown": [
				{
					"base": 100,
					"offerItemID": "",
					"passengerRefs": "PAX1",
					"passengerType": "ADT",
					"surcharge": 0,
					"tax": {
						"breakdown": [
							{
								"code": "QW",
								"currency": "EUR",
								"description": "",
								"total": 23.4
							},
							{
								"code": "FR",
								"currency": "EUR",
								"description": "",
								"total": 9.32
							},
							{
								"code": "O4",
								"currency": "EUR",
								"description": "",
								"total": 3
							},
							{
								"code": "UI",
								"currency": "EUR",
								"description": "",
								"total": 6.14
							},
							{
								"code": "FR",
								"currency": "EUR",
								"description": "",
								"total": 23.37
							},
							{
								"code": "IZ",
								"currency": "EUR",
								"description": "",
								"total": 2.26
							}
						],
						"total": 67.49
					}
				},
				{
					"base": 80,
					"offerItemID": "",
					"passengerRefs": "PAX2",
					"passengerType": "CHD",
					"surcharge": 0,
					"tax": {
						"breakdown": [
							{
								"code": "QW",
								"currency": "EUR",
								"description": "",
								"total": 23.4
							},
							{
								"code": "FR",
								"currency": "EUR",
								"description": "",
								"total": 9.32
							},
							{
								"code": "O4",
								"currency": "EUR",
								"description": "",
								"total": 3
							},
							{
								"code": "UI",
								"currency": "EUR",
								"description": "",
								"total": 6.14
							},
							{
								"code": "FR",
								"currency": "EUR",
								"description": "",
								"total": 23.37
							},
							{
								"code": "IZ",
								"currency": "EUR",
								"description": "",
								"total": 2.26
							}
						],
						"total": 67.49
					}
				}
			],
			"currency": "EUR",
			"tax": {
				"breakdown": [
					{
						"code": "QW",
						"currency": "EUR",
						"description": "",
						"total": 23.4
					},
					{
						"code": "FR",
						"currency": "EUR",
						"description": "",
						"total": 9.32
					},
					{
						"code": "O4",
						"currency": "EUR",
						"description": "",
						"total": 3
					},
					{
						"code": "UI",
						"currency": "EUR",
						"description": "",
						"total": 6.14
					},
					{
						"code": "FR",
						"currency": "EUR",
						"description": "",
						"total": 23.37
					},
					{
						"code": "IZ",
						"currency": "EUR",
						"description": "",
						"total": 2.26
					},
					{
						"code": "QW",
						"currency": "EUR",
						"description": "",
						"total": 23.4
					},
					{
						"code": "FR",
						"currency": "EUR",
						"description": "",
						"total": 9.32
					},
					{
						"code": "O4",
						"currency": "EUR",
						"description": "",
						"total": 3
					},
					{
						"code": "UI",
						"currency": "EUR",
						"description": "",
						"total": 6.14
					},
					{
						"code": "FR",
						"currency": "EUR",
						"description": "",
						"total": 23.37
					},
					{
						"code": "IZ",
						"currency": "EUR",
						"description": "",
						"total": 2.26
					}
				],
				"total": 134.98
			},
			"total": 314.98
		}
	},
	"readyToTicketIssue": true,
	"status": "Pending"
}